,0
2015-12-17,100000.0
2015-12-18,100000.0
2015-12-21,100000.0
2015-12-22,100000.0
2015-12-23,100000.0
2015-12-24,100000.0
2015-12-28,100000.0
2015-12-29,100000.0
2015-12-30,100000.0
2015-12-31,100000.0
2016-01-04,100000.0
2016-01-05,100000.0
2016-01-06,100000.0
2016-01-07,100000.0
2016-01-08,100000.0
2016-01-11,100000.0
2016-01-12,100000.0
2016-01-13,100000.0
2016-01-14,100000.0
2016-01-15,100000.0
2016-01-19,100000.0
2016-01-20,100000.0
2016-01-21,100000.0
2016-01-22,100000.0
2016-01-25,100000.0
2016-01-26,100000.0
2016-01-27,100000.0
2016-01-28,100000.0
2016-01-29,100000.0
2016-02-01,100000.0
2016-02-02,100000.0
2016-02-03,100000.0
2016-02-04,100000.0
2016-02-05,100000.0
2016-02-08,100000.0
2016-02-09,100000.0
2016-02-10,100000.0
2016-02-11,100000.0
2016-02-12,100000.0
2016-02-16,100000.0
2016-02-17,100000.0
2016-02-18,100000.0
2016-02-19,100000.0
2016-02-22,100000.0
2016-02-23,100000.0
2016-02-24,100000.0
2016-02-25,100000.0
2016-02-26,100000.0
2016-02-29,100000.0
2016-03-01,100000.0
2016-03-02,100000.0
2016-03-03,100000.0
2016-03-04,100000.0
2016-03-07,100000.0
2016-03-08,100000.0
2016-03-09,100000.0
2016-03-10,100000.0
2016-03-11,100000.0
2016-03-14,100000.0
2016-03-15,100000.0
2016-03-16,100000.0
2016-03-17,100000.0
2016-03-18,100000.0
2016-03-21,100000.0
2016-03-22,100000.0
2016-03-23,100000.0
2016-03-24,100000.0
2016-03-28,100000.0
2016-03-29,100000.0
2016-03-30,100000.0
2016-03-31,100000.0
2016-04-01,100000.0
2016-04-04,100000.0
2016-04-05,100000.0
2016-04-06,100000.0
2016-04-07,100000.0
2016-04-08,100000.0
2016-04-11,100000.0
2016-04-12,100000.0
2016-04-13,100000.0
2016-04-14,100000.0
2016-04-15,100000.0
2016-04-18,100000.0
2016-04-19,100000.0
2016-04-20,100000.0
2016-04-21,100000.0
2016-04-22,100000.0
2016-04-25,100000.0
2016-04-26,100000.0
2016-04-27,100000.0
2016-04-28,100000.0
2016-04-29,100000.0
2016-05-02,100000.0
2016-05-03,100000.0
2016-05-04,100000.0
2016-05-05,100000.0
2016-05-06,100000.0
2016-05-09,100000.0
2016-05-10,100000.0
2016-05-11,100000.0
2016-05-12,100000.0
2016-05-13,100000.0
2016-05-16,100000.0
2016-05-17,100000.0
2016-05-18,100000.0
2016-05-19,100000.0
2016-05-20,100000.0
2016-05-23,100000.0
2016-05-24,100000.0
2016-05-25,100000.0
2016-05-26,100000.0
2016-05-27,100000.0
2016-05-31,100000.0
2016-06-01,100109.34893451787
2016-06-02,100090.99593578435
2016-06-03,100228.68157039738
2016-06-06,100719.80080448247
2016-06-07,101017.48697687245
2016-06-08,100994.51023889637
2016-06-09,101194.40574670887
2016-06-10,100886.5184328661
2016-06-13,100838.26955820179
2016-06-14,100999.10428644276
2016-06-15,100842.29057713223
2016-06-16,100269.27473014596
2016-06-17,100338.49590074667
2016-06-20,100338.49590074667
2016-06-21,100338.49590074667
2016-06-22,100338.49590074667
2016-06-23,100338.49590074667
2016-06-24,100338.49590074667
2016-06-27,100338.49590074667
2016-06-28,100338.49590074667
2016-06-29,100338.49590074667
2016-06-30,100338.49590074667
2016-07-01,100338.49590074667
2016-07-05,100338.49590074667
2016-07-06,100338.49590074667
2016-07-07,100338.49590074667
2016-07-08,100338.49590074667
2016-07-11,100338.49590074667
2016-07-12,100338.49590074667
2016-07-13,100338.49590074667
2016-07-14,100338.49590074667
2016-07-15,100338.49590074667
2016-07-18,100425.34980295309
2016-07-19,100138.06975076803
2016-07-20,100233.82933328756
2016-07-21,100055.98917673239
2016-07-22,99837.10938547262
2016-07-25,99837.10938547262
2016-07-26,99837.10938547262
2016-07-27,99629.58839107164
2016-07-28,99642.83869434007
2016-07-29,99338.08803725847
2016-08-01,99338.08803725847
2016-08-02,99338.08803725847
2016-08-03,99338.08803725847
2016-08-04,100418.1731898845
2016-08-05,101078.17303729661
2016-08-08,101258.1733424724
2016-08-09,101623.17311359056
2016-08-10,101417.69110084184
2016-08-11,101170.19163489946
2016-08-12,101202.69190192826
2016-08-15,101580.19148231157
2016-08-16,101522.69159675248
2016-08-17,101212.31004167207
2016-08-18,101350.5285686024
2016-08-19,102555.76841006358
2016-08-22,102472.64848933299
2016-08-23,102735.20015768944
2016-08-24,101957.26727950011
2016-08-25,101949.11524950896
2016-08-26,102176.03747975265
2016-08-29,102310.42262460625
2016-08-30,102206.52136630913
2016-08-31,102292.35277047177
2016-09-01,101929.0333963873
2016-09-02,101724.31752953566
2016-09-06,102156.59681115187
2016-09-07,102627.3961580757
2016-09-08,102734.3961580757
2016-09-09,102229.73893173445
2016-09-12,102426.61853988875
2016-09-13,102392.37857254256
2016-09-14,102629.91870315779
2016-09-15,102811.81919296492
2016-09-16,102824.65867050398
2016-09-19,103111.41870315779
2016-09-20,102965.89863785017
2016-09-21,103062.19880111922
2016-09-22,103376.77906234968
2016-09-23,103201.2991276573
2016-09-26,103203.4387684654
2016-09-27,103387.47889908064
2016-09-28,102847.97365145788
2016-09-29,102720.99300616463
2016-09-30,103090.740822795
2016-10-03,103030.85377788839
2016-10-04,103151.0340890914
2016-10-05,104064.68694973287
2016-10-06,104731.6037363635
2016-10-07,104906.4821562396
2016-10-10,105029.22008272275
2016-10-11,104221.9536704646
2016-10-12,104672.27850528821
2016-10-13,104776.79605480298
2016-10-14,104916.58345218762
2016-10-17,104831.42069431409
2016-10-18,104867.98086162671
2016-10-19,105160.88672443494
2016-10-20,105053.78686138257
2016-10-21,105354.86753841504
2016-10-24,105871.85776134595
2016-10-25,106194.0156097041
2016-10-26,105484.3290309535
2016-10-27,104273.99474589166
2016-10-28,104273.99474589166
2016-10-31,104273.99474589166
2016-11-01,104273.99474589166
2016-11-02,104273.99474589166
2016-11-03,104273.99474589166
2016-11-04,104273.99474589166
2016-11-07,104273.99474589166
2016-11-08,104273.99474589166
2016-11-09,104273.99474589166
2016-11-10,104273.99474589166
2016-11-11,104273.99474589166
2016-11-14,104273.99474589166
2016-11-15,104273.99474589166
2016-11-16,104273.99474589166
2016-11-17,104273.99474589166
2016-11-18,104273.99474589166
2016-11-21,104320.83312449277
2016-11-22,104169.28373942197
2016-11-23,104314.09453806699
2016-11-25,104273.68674692929
2016-11-28,103903.65361750025
2016-11-29,103903.65361750025
2016-11-30,103903.65361750025
2016-12-01,103903.65361750025
2016-12-02,103903.65361750025
2016-12-05,103903.65361750025
2016-12-06,103903.65361750025
2016-12-07,103903.65361750025
2016-12-08,103903.65361750025
2016-12-09,103903.65361750025
2016-12-12,103903.65361750025
2016-12-13,103903.65361750025
2016-12-14,103903.65361750025
2016-12-15,103903.65361750025
2016-12-16,103903.65361750025
2016-12-19,103903.65361750025
2016-12-20,103903.65361750025
2016-12-21,103903.65361750025
2016-12-22,103903.65361750025
2016-12-23,103903.65361750025
2016-12-27,103903.65361750025
2016-12-28,103903.65361750025
2016-12-29,103903.65361750025
2016-12-30,103903.65361750025
2017-01-03,103903.65361750025
2017-01-04,103903.65361750025
2017-01-05,103903.65361750025
2017-01-06,103903.65361750025
2017-01-09,103903.65361750025
2017-01-10,103903.65361750025
2017-01-11,104008.22121487881
2017-01-12,104158.25350247647
2017-01-13,103909.76339017178
2017-01-17,103384.6616841899
2017-01-18,103384.6616841899
2017-01-19,103384.6616841899
2017-01-20,103384.6616841899
2017-01-23,103384.6616841899
2017-01-24,103384.6616841899
2017-01-25,103384.6616841899
2017-01-26,103384.6616841899
2017-01-27,103384.6616841899
2017-01-30,103384.6616841899
2017-01-31,103384.6616841899
2017-02-01,103384.6616841899
2017-02-02,103384.6616841899
2017-02-03,103384.6616841899
2017-02-06,103384.6616841899
2017-02-07,103384.6616841899
2017-02-08,103384.6616841899
2017-02-09,103384.6616841899
2017-02-10,103384.6616841899
2017-02-13,103384.6616841899
2017-02-14,103384.6616841899
2017-02-15,103384.6616841899
2017-02-16,103384.6616841899
2017-02-17,103384.6616841899
2017-02-21,103384.6616841899
2017-02-22,103384.6616841899
2017-02-23,103384.6616841899
2017-02-24,103384.6616841899
2017-02-27,103384.6616841899
2017-02-28,103384.6616841899
2017-03-01,103384.6616841899
2017-03-02,103384.6616841899
2017-03-03,103384.6616841899
2017-03-06,103384.6616841899
2017-03-07,103384.6616841899
2017-03-08,103384.6616841899
2017-03-09,103384.6616841899
2017-03-10,103384.6616841899
2017-03-13,103384.6616841899
2017-03-14,103384.6616841899
2017-03-15,103384.6616841899
2017-03-16,103384.6616841899
2017-03-17,103384.6616841899
2017-03-20,103384.6616841899
2017-03-21,103384.6616841899
2017-03-22,103384.6616841899
2017-03-23,103384.6616841899
2017-03-24,103384.6616841899
2017-03-27,103384.6616841899
2017-03-28,103384.6616841899
2017-03-29,103384.6616841899
2017-03-30,103384.6616841899
2017-03-31,103384.6616841899
2017-04-03,103384.6616841899
2017-04-04,103384.6616841899
2017-04-05,103384.6616841899
2017-04-06,103384.6616841899
2017-04-07,103384.6616841899
2017-04-10,103384.6616841899
2017-04-11,103384.6616841899
2017-04-12,103384.6616841899
2017-04-13,103384.6616841899
2017-04-17,103384.6616841899
2017-04-18,103384.6616841899
2017-04-19,103384.6616841899
2017-04-20,103384.6616841899
2017-04-21,103384.6616841899
2017-04-24,103384.6616841899
2017-04-25,103384.6616841899
2017-04-26,103384.6616841899
2017-04-27,103384.6616841899
2017-04-28,103384.6616841899
2017-05-01,103384.6616841899
2017-05-02,103384.6616841899
2017-05-03,103384.6616841899
2017-05-04,103384.6616841899
2017-05-05,103384.6616841899
2017-05-08,103384.6616841899
2017-05-09,103384.6616841899
2017-05-10,103384.6616841899
2017-05-11,103384.6616841899
2017-05-12,103384.6616841899
2017-05-15,103384.6616841899
2017-05-16,103384.6616841899
2017-05-17,103384.6616841899
2017-05-18,103384.6616841899
2017-05-19,103384.6616841899
2017-05-22,103384.6616841899
2017-05-23,103384.6616841899
2017-05-24,103384.6616841899
2017-05-25,103384.6616841899
2017-05-26,103384.6616841899
2017-05-30,103384.6616841899
2017-05-31,103384.6616841899
2017-06-01,103384.6616841899
2017-06-02,103384.6616841899
2017-06-05,103384.6616841899
2017-06-06,104291.53654661665
2017-06-07,104528.38562391629
2017-06-08,106440.09505174984
2017-06-09,103326.96181698776
2017-06-12,103450.08831698776
2017-06-13,103646.93822009445
2017-06-14,103517.3566603563
2017-06-15,103591.8551154039
2017-06-16,103985.98535298325
2017-06-19,104770.75627278305
2017-06-20,105348.83486985756
2017-06-21,105779.0147862394
2017-06-22,105702.29512071205
2017-06-23,105873.54512071205
2017-06-26,105559.8149952848
2017-06-27,105131.01714186836
2017-06-28,105131.01714186836
2017-06-29,105131.01714186836
2017-06-30,105131.01714186836
2017-07-03,105131.01714186836
2017-07-05,105131.01714186836
2017-07-06,105131.01714186836
2017-07-07,105131.01714186836
2017-07-10,105131.01714186836
2017-07-11,105131.01714186836
2017-07-12,105131.01714186836
2017-07-13,105131.01714186836
2017-07-14,105131.01714186836
2017-07-17,105131.01714186836
2017-07-18,105131.01714186836
2017-07-19,105131.01714186836
2017-07-20,105131.01714186836
2017-07-21,105131.01714186836
2017-07-24,105131.01714186836
2017-07-25,105131.01714186836
2017-07-26,104830.8530578034
2017-07-27,104605.72670884887
2017-07-28,104605.72670884887
2017-07-31,104605.72670884887
2017-08-01,104605.72670884887
2017-08-02,104605.72670884887
2017-08-03,104605.72670884887
2017-08-04,104605.72670884887
2017-08-07,104605.72670884887
2017-08-08,104605.72670884887
2017-08-09,104605.72670884887
2017-08-10,104605.72670884887
2017-08-11,104605.72670884887
2017-08-14,104605.72670884887
2017-08-15,104605.72670884887
2017-08-16,104605.72670884887
2017-08-17,104605.72670884887
2017-08-18,104605.72670884887
2017-08-21,104605.72670884887
2017-08-22,104605.72670884887
2017-08-23,104605.72670884887
2017-08-24,104605.72670884887
2017-08-25,104605.72670884887
2017-08-28,104605.72670884887
2017-08-29,104605.72670884887
2017-08-30,104605.72670884887
2017-08-31,104605.72670884887
2017-09-01,104605.72670884887
2017-09-05,104605.72670884887
2017-09-06,104605.72670884887
2017-09-07,104605.72670884887
2017-09-08,104605.72670884887
2017-09-11,104605.72670884887
2017-09-12,104605.72670884887
2017-09-13,104605.72670884887
2017-09-14,104605.72670884887
2017-09-15,104605.72670884887
2017-09-18,104605.72670884887
2017-09-19,104605.72670884887
2017-09-20,104605.72670884887
2017-09-21,104605.72670884887
2017-09-22,104605.72670884887
2017-09-25,104605.72670884887
2017-09-26,104605.72670884887
2017-09-27,104605.72670884887
2017-09-28,104605.72670884887
2017-09-29,104605.72670884887
2017-10-02,104605.72670884887
2017-10-03,104605.72670884887
2017-10-04,104605.72670884887
2017-10-05,104605.72670884887
2017-10-06,104605.72670884887
2017-10-09,104605.72670884887
2017-10-10,104605.72670884887
2017-10-11,104605.72670884887
2017-10-12,104303.11167431061
2017-10-13,104100.02333621215
2017-10-16,104100.02333621215
2017-10-17,104100.02333621215
2017-10-18,104100.02333621215
2017-10-19,104100.02333621215
2017-10-20,104100.02333621215
2017-10-23,104100.02333621215
2017-10-24,104100.02333621215
2017-10-25,104100.02333621215
2017-10-26,104100.02333621215
2017-10-27,104100.02333621215
2017-10-30,104100.02333621215
2017-10-31,104100.02333621215
2017-11-01,104100.02333621215
2017-11-02,104100.02333621215
2017-11-03,104100.02333621215
2017-11-06,104100.02333621215
2017-11-07,104100.02333621215
2017-11-08,104100.02333621215
2017-11-09,104100.02333621215
2017-11-10,104100.02333621215
2017-11-13,104100.02333621215
2017-11-14,104100.02333621215
2017-11-15,104100.02333621215
2017-11-16,104100.02333621215
2017-11-17,104100.02333621215
2017-11-20,104100.02333621215
2017-11-21,104100.02333621215
2017-11-22,104100.02333621215
2017-11-24,104100.02333621215
2017-11-27,104100.02333621215
2017-11-28,104100.02333621215
2017-11-29,104100.02333621215
2017-11-30,104100.02333621215
2017-12-01,104100.02333621215
2017-12-04,104100.02333621215
2017-12-05,104100.02333621215
2017-12-06,104100.02333621215
2017-12-07,104100.02333621215
2017-12-08,104100.02333621215
2017-12-11,104100.02333621215
2017-12-12,104100.02333621215
2017-12-13,104100.02333621215
2017-12-14,104100.02333621215
2017-12-15,104100.02333621215
2017-12-18,104100.02333621215
2017-12-19,104100.02333621215
2017-12-20,104100.02333621215
2017-12-21,104100.02333621215
2017-12-22,104100.02333621215
2017-12-26,104100.02333621215
2017-12-27,104100.02333621215
2017-12-28,104100.02333621215
2017-12-29,104100.02333621215
2018-01-02,104100.02333621215
2018-01-03,104100.02333621215
2018-01-04,104100.02333621215
2018-01-05,104100.02333621215
2018-01-08,104100.02333621215
2018-01-09,104100.02333621215
2018-01-10,104100.02333621215
2018-01-11,104100.02333621215
2018-01-12,104100.02333621215
2018-01-16,104100.02333621215
2018-01-17,104100.02333621215
2018-01-18,104100.02333621215
2018-01-19,104100.02333621215
2018-01-22,104100.02333621215
2018-01-23,104100.02333621215
2018-01-24,104100.02333621215
2018-01-25,104100.02333621215
2018-01-26,104100.02333621215
2018-01-29,104100.02333621215
2018-01-30,104100.02333621215
2018-01-31,104100.02333621215
2018-02-01,104100.02333621215
2018-02-02,104100.02333621215
2018-02-05,104100.02333621215
2018-02-06,104100.02333621215
2018-02-07,104100.02333621215
2018-02-08,104100.02333621215
2018-02-09,104100.02333621215
2018-02-12,104100.02333621215
2018-02-13,104100.02333621215
2018-02-14,104100.02333621215
2018-02-15,104100.02333621215
2018-02-16,104100.02333621215
2018-02-20,104100.02333621215
2018-02-21,104100.02333621215
2018-02-22,103705.71739904312
2018-02-23,104222.63071767715
2018-02-26,104782.2795209391
2018-02-27,103980.0313054069
2018-02-28,103031.01292748927
2018-03-01,101629.86855232793
2018-03-02,102759.52426532382
2018-03-05,103601.36251834506
2018-03-06,104657.28514102573
2018-03-07,104675.49928668613
2018-03-08,104698.29135339183
2018-03-09,106048.80941216869
2018-03-12,106107.20329492015
2018-03-13,105655.31671624583
2018-03-14,106221.10697863597
2018-03-15,105909.4161693861
2018-03-16,105451.40616565247
2018-03-19,105133.70360937805
2018-03-20,105167.24363318176
2018-03-21,105318.56322851867
2018-03-22,105216.38341894836
2018-03-23,105137.43640378112
2018-03-26,105137.43640378112
2018-03-27,105137.43640378112
2018-03-28,105826.081559869
2018-03-29,106086.7830064022
2018-04-02,106196.394059869
2018-04-03,106243.7951447689
2018-04-04,104710.87809096822
2018-04-05,104710.87809096822
2018-04-06,104710.87809096822
2018-04-09,104710.87809096822
2018-04-10,104710.87809096822
2018-04-11,104710.87809096822
2018-04-12,104710.87809096822
2018-04-13,104710.87809096822
2018-04-16,104710.87809096822
2018-04-17,104901.571477069
2018-04-18,104896.11169923696
2018-04-19,104579.4306994811
2018-04-20,104341.1252842195
2018-04-23,104341.1252842195
2018-04-24,104341.1252842195
2018-04-25,104341.1252842195
2018-04-26,104341.1252842195
2018-04-27,104341.1252842195
2018-04-30,104348.03960468606
2018-05-01,103938.94705395332
2018-05-02,103938.94705395332
2018-05-03,103938.94705395332
2018-05-04,103938.94705395332
2018-05-07,103938.94705395332
2018-05-08,103938.94705395332
2018-05-09,103938.94705395332
2018-05-10,103938.94705395332
2018-05-11,103938.94705395332
2018-05-14,103938.94705395332
2018-05-15,103938.94705395332
2018-05-16,103938.94705395332
2018-05-17,103938.94705395332
2018-05-18,103938.94705395332
2018-05-21,103524.54089764468
2018-05-22,103156.87539700381
2018-05-23,103156.87539700381
2018-05-24,103156.87539700381
2018-05-25,103156.87539700381
2018-05-29,103156.87539700381
2018-05-30,103232.2619015433
2018-05-31,103334.58187933954
2018-06-01,104021.04974051508
2018-06-04,104331.16711874995
2018-06-05,104056.54644415471
2018-06-06,104262.39671728703
2018-06-07,103895.44617102238
2018-06-08,104094.13628027531
2018-06-11,104006.42666266057
2018-06-12,104350.10633490178
2018-06-13,104223.01649878117
2018-06-14,104222.09760154053
2018-06-15,103831.66478360952
2018-06-18,104543.71542036546
2018-06-19,104705.79968893541
2018-06-20,105571.52073364604
2018-06-21,104625.64965579355
2018-06-22,104481.38799044931
2018-06-25,103674.53458837258
2018-06-26,103700.50332692849
2018-06-27,104387.09653524148
2018-06-28,104955.19674733865
2018-06-29,104706.85254720437
2018-07-02,105024.9929814695
2018-07-03,104904.88304189431
2018-07-05,105081.8591969465
2018-07-06,105631.75113420236
2018-07-09,105008.52474908579
2018-07-10,104530.91338181007
2018-07-11,104285.57500140416
2018-07-12,104295.11483189046
2018-07-13,104295.11483189046
2018-07-16,104295.11483189046
2018-07-17,104540.3603958553
2018-07-18,104528.04011387288
2018-07-19,105153.27973789632
2018-07-20,105181.00095982014
2018-07-23,105542.00616203726
2018-07-24,104638.25772059285
2018-07-25,105092.29602015342
2018-07-26,105026.87813219933
2018-07-27,104154.45080098274
2018-07-30,104154.45080098274
2018-07-31,104154.45080098274
2018-08-01,104154.45080098274
2018-08-02,104154.45080098274
2018-08-03,104154.45080098274
2018-08-06,104154.45080098274
2018-08-07,104154.45080098274
2018-08-08,104154.45080098274
2018-08-09,104154.45080098274
2018-08-10,104154.45080098274
2018-08-13,104154.45080098274
2018-08-14,104154.45080098274
2018-08-15,104154.45080098274
2018-08-16,104154.45080098274
2018-08-17,104154.45080098274
2018-08-20,104154.45080098274
2018-08-21,104267.16606474426
2018-08-22,104780.16606474426
2018-08-23,106206.30739546326
2018-08-24,107940.24598646667
2018-08-27,109247.04750090625
2018-08-28,109139.31699210193
2018-08-29,109216.26777487781
2018-08-30,109057.23707037952
2018-08-31,109424.69536916187
2018-09-04,111514.62559071949
2018-09-05,110381.25172368457
2018-09-06,110037.54168454578
2018-09-07,109801.56117574146
2018-09-10,111089.19129315784
2018-09-11,111209.14303467395
2018-09-12,111748.59642479541
2018-09-13,110861.10665962817
2018-09-14,112010.22752068164
2018-09-17,111861.45705101611
2018-09-18,111604.95705101611
2018-09-19,111235.59642479541
2018-09-20,111220.20705101611
2018-09-21,111130.17049917628
2018-09-24,111130.17049917628
2018-09-25,111130.17049917628
2018-09-26,111130.17049917628
2018-09-27,111130.17049917628
2018-09-28,111130.17049917628
2018-10-01,111130.17049917628
2018-10-02,111130.17049917628
2018-10-03,111130.17049917628
2018-10-04,111130.17049917628
2018-10-05,111130.17049917628
2018-10-08,111130.17049917628
2018-10-09,111130.17049917628
2018-10-10,111130.17049917628
2018-10-11,111130.17049917628
2018-10-12,111130.17049917628
2018-10-15,111130.17049917628
2018-10-16,111130.17049917628
2018-10-17,111130.17049917628
2018-10-18,111130.17049917628
2018-10-19,111130.17049917628
2018-10-22,111130.17049917628
2018-10-23,111130.17049917628
2018-10-24,111130.17049917628
2018-10-25,111130.17049917628
2018-10-26,111130.17049917628
2018-10-29,111130.17049917628
2018-10-30,111130.17049917628
2018-10-31,111130.17049917628
2018-11-01,111130.17049917628
2018-11-02,111130.17049917628
2018-11-05,111130.17049917628
2018-11-06,111130.17049917628
2018-11-07,111130.17049917628
2018-11-08,111130.17049917628
2018-11-09,111130.17049917628
2018-11-12,111130.17049917628
2018-11-13,111130.17049917628
2018-11-14,111130.17049917628
2018-11-15,111130.17049917628
2018-11-16,111130.17049917628
2018-11-19,111130.17049917628
2018-11-20,111130.17049917628
2018-11-21,111130.17049917628
2018-11-23,111130.17049917628
2018-11-26,111130.17049917628
2018-11-27,111130.17049917628
2018-11-28,111130.17049917628
2018-11-29,111130.17049917628
2018-11-30,111130.17049917628
2018-12-03,111130.17049917628
2018-12-04,111130.17049917628
2018-12-06,111130.17049917628
2018-12-07,111130.17049917628
2018-12-10,111130.17049917628
2018-12-11,111130.17049917628
2018-12-12,111130.17049917628
2018-12-13,111130.17049917628
2018-12-14,111130.17049917628
2018-12-17,111130.17049917628
2018-12-18,111130.17049917628
2018-12-19,111130.17049917628
2018-12-20,111130.17049917628
2018-12-21,111130.17049917628
2018-12-24,111130.17049917628
2018-12-26,111130.17049917628
2018-12-27,111130.17049917628
2018-12-28,111130.17049917628
2018-12-31,111130.17049917628
2019-01-02,111130.17049917628
2019-01-03,111130.17049917628
2019-01-04,111130.17049917628
2019-01-07,111130.17049917628
2019-01-08,111130.17049917628
2019-01-09,111130.17049917628
2019-01-10,111130.17049917628
2019-01-11,111130.17049917628
2019-01-14,111130.17049917628
2019-01-15,111130.17049917628
2019-01-16,111130.17049917628
2019-01-17,111130.17049917628
2019-01-18,111130.17049917628
2019-01-22,111130.17049917628
2019-01-23,111130.17049917628
2019-01-24,111130.17049917628
2019-01-25,111130.17049917628
2019-01-28,111130.17049917628
2019-01-29,111130.17049917628
2019-01-30,111130.17049917628
2019-01-31,111130.17049917628
2019-02-01,111130.17049917628
2019-02-04,111130.17049917628
2019-02-05,111130.17049917628
2019-02-06,111130.17049917628
2019-02-07,111130.17049917628
2019-02-08,111130.17049917628
2019-02-11,111130.17049917628
2019-02-12,111130.17049917628
2019-02-13,111130.17049917628
2019-02-14,111130.17049917628
2019-02-15,111235.8348349367
2019-02-19,112011.67339694842
2019-02-20,112301.32261264666
2019-02-21,111989.51301181658
2019-02-22,111513.33694363269
2019-02-25,111318.93363164847
2019-02-26,111318.93363164847
2019-02-27,111318.93363164847
2019-02-28,111318.93363164847
2019-03-01,111318.93363164847
2019-03-04,111318.93363164847
2019-03-05,111318.93363164847
2019-03-06,111318.93363164847
2019-03-07,111318.93363164847
2019-03-08,111318.93363164847
2019-03-11,111318.93363164847
2019-03-12,111318.93363164847
2019-03-13,111318.93363164847
2019-03-14,111318.93363164847
2019-03-15,111318.93363164847
2019-03-18,111318.93363164847
2019-03-19,111318.93363164847
2019-03-20,111148.9298321337
2019-03-21,111270.94105475562
2019-03-22,110206.36707342076
2019-03-25,110206.36707342076
2019-03-26,110206.36707342076
2019-03-27,110206.36707342076
2019-03-28,110206.36707342076
2019-03-29,110206.36707342076
2019-04-01,109985.92367644714
2019-04-02,110971.44370551514
2019-04-03,110763.16305632995
2019-04-04,110239.92343421387
2019-04-05,110380.86145609069
2019-04-08,110291.69307221817
2019-04-09,110291.69307221817
2019-04-10,110291.69307221817
2019-04-11,110291.69307221817
2019-04-12,110803.62873193622
2019-04-15,109759.70634060125
2019-04-16,109759.70634060125
2019-04-17,109759.70634060125
2019-04-18,109759.70634060125
2019-04-22,109759.70634060125
2019-04-23,109807.82615458993
2019-04-24,109210.99238344355
2019-04-25,109210.99238344355
2019-04-26,109902.72472886342
2019-04-29,110158.52671651143
2019-04-30,110543.84858063955
2019-05-01,110262.14138249654
2019-05-02,110175.49402157517
2019-05-03,110924.09441217156
2019-05-06,110002.42180093499
2019-05-07,109840.42195543023
2019-05-08,109939.2417453167
2019-05-09,109257.82230152817
2019-05-10,109257.82230152817
2019-05-13,109257.82230152817
2019-05-14,109257.82230152817
2019-05-15,109257.82230152817
2019-05-16,109257.82230152817
2019-05-17,109257.82230152817
2019-05-20,109257.82230152817
2019-05-21,109257.82230152817
2019-05-22,109110.32897185058
2019-05-23,108712.67962645263
2019-05-24,108712.67962645263
2019-05-28,108945.16503914661
2019-05-29,107854.60969011913
2019-05-30,107854.60969011913
2019-05-31,107854.60969011913
2019-06-03,107854.60969011913
2019-06-04,107854.60969011913
2019-06-05,107854.60969011913
2019-06-06,107854.60969011913
2019-06-07,107854.60969011913
2019-06-10,107854.60969011913
2019-06-11,107854.60969011913
2019-06-12,107854.60969011913
2019-06-13,107854.60969011913
2019-06-14,107854.60969011913
2019-06-17,107854.60969011913
2019-06-18,107854.60969011913
2019-06-19,107854.60969011913
2019-06-20,107854.60969011913
2019-06-21,107854.60969011913
2019-06-24,107854.60969011913
2019-06-25,107854.60969011913
2019-06-26,107854.60969011913
2019-06-27,107854.60969011913
2019-06-28,107854.60969011913
2019-07-01,107854.60969011913
2019-07-02,107854.60969011913
2019-07-03,107854.60969011913
2019-07-05,107854.60969011913
2019-07-08,107854.60969011913
2019-07-09,107854.60969011913
2019-07-10,107854.60969011913
2019-07-11,107854.60969011913
2019-07-12,107854.60969011913
2019-07-15,107854.60969011913
2019-07-16,107854.60969011913
2019-07-17,107625.6170831226
2019-07-18,107913.0361733936
2019-07-19,107856.34034590947
2019-07-22,108114.671488335
2019-07-23,107968.47330669356
2019-07-24,108496.35142086554
2019-07-25,108345.39046047736
2019-07-26,108163.45770596075
2019-07-29,107883.22686977912
2019-07-30,107769.0358568047
2019-07-31,107769.0358568047
2019-08-01,107769.0358568047
2019-08-02,107769.0358568047
2019-08-05,107769.0358568047
2019-08-06,107769.0358568047
2019-08-07,107769.0358568047
2019-08-08,107769.0358568047
2019-08-09,107769.0358568047
2019-08-12,107769.0358568047
2019-08-13,107769.0358568047
2019-08-14,107769.0358568047
2019-08-15,107769.0358568047
2019-08-16,107769.0358568047
2019-08-19,107769.0358568047
2019-08-20,107769.0358568047
2019-08-21,107769.0358568047
2019-08-22,107769.0358568047
2019-08-23,107308.23785496982
2019-08-26,107992.51541234287
2019-08-27,108563.86974431308
2019-08-28,107761.27360455783
2019-08-29,107229.28965921293
2019-08-30,107227.62468384251
2019-09-03,107227.62468384251
2019-09-04,107632.62484962195
2019-09-05,108799.28079956453
2019-09-06,108401.39991348665
2019-09-09,107983.3181017549
2019-09-10,107046.37204740691
2019-09-11,107206.47966383147
2019-09-12,107285.12842939544
2019-09-13,107172.772865278
2019-09-16,107279.50825880218
2019-09-17,107299.17109678435
2019-09-18,107318.83393476653
2019-09-19,107369.39348600555
2019-09-20,107133.43991063666
2019-09-23,107133.43991063666
2019-09-24,107133.43991063666
2019-09-25,107133.43991063666
2019-09-26,107133.43991063666
2019-09-27,107133.43991063666
2019-09-30,107133.43991063666
2019-10-01,107133.43991063666
2019-10-02,107133.43991063666
2019-10-03,107133.43991063666
2019-10-04,107133.43991063666
2019-10-07,107133.43991063666
2019-10-08,107133.43991063666
2019-10-09,107133.43991063666
2019-10-10,107133.43991063666
2019-10-11,107133.43991063666
2019-10-14,107133.43991063666
2019-10-15,107133.43991063666
2019-10-16,107133.43991063666
2019-10-17,107133.43991063666
2019-10-18,107133.43991063666
2019-10-21,107133.43991063666
2019-10-22,107133.43991063666
2019-10-23,107654.21652802253
2019-10-24,110410.49596222663
2019-10-25,110954.33662232185
2019-10-28,112029.65765961433
2019-10-29,110737.95927802252
2019-10-30,110855.37960807013
2019-10-31,110855.37960807013
2019-11-01,111043.86979666876
2019-11-04,111365.22890082526
2019-11-05,111674.22890082526
2019-11-06,111661.86979666876
2019-11-07,111606.24970236945
2019-11-08,111581.52913657355
2019-11-11,111170.26207250953
2019-11-12,111170.26207250953
2019-11-13,111170.26207250953
2019-11-14,111170.26207250953
2019-11-15,111170.26207250953
2019-11-18,111170.26207250953
2019-11-19,111170.26207250953
2019-11-20,111170.26207250953
2019-11-21,111170.26207250953
2019-11-22,111170.26207250953
2019-11-25,111170.26207250953
2019-11-26,111170.26207250953
2019-11-27,111170.26207250953
2019-11-29,111108.45494335533
2019-12-02,110215.35458629967
2019-12-03,110138.07763111473
2019-12-04,110173.17688953759
2019-12-05,110012.527589916
2019-12-06,109874.82701313378
2019-12-09,109665.17459080736
2019-12-10,109665.17459080736
2019-12-11,109665.17459080736
2019-12-12,109665.17459080736
2019-12-13,109665.17459080736
2019-12-16,109665.17459080736
2019-12-17,109665.17459080736
2019-12-18,109665.17459080736
2019-12-19,109511.89044182246
2019-12-20,109446.08198158686
2019-12-23,109321.77827446406
2019-12-24,109531.99785606806
2019-12-26,110107.18791606372
2019-12-27,109944.84157006972
2019-12-30,109298.22786907064
2019-12-31,109298.22786907064
2020-01-02,109298.22786907064
2020-01-03,109298.22786907064
2020-01-06,109298.22786907064
2020-01-07,109298.22786907064
2020-01-08,109298.22786907064
2020-01-09,109298.22786907064
2020-01-10,109298.22786907064
2020-01-13,109298.22786907064
2020-01-14,109298.22786907064
2020-01-15,109298.22786907064
2020-01-16,109298.22786907064
2020-01-17,109298.22786907064
2020-01-21,109298.22786907064
2020-01-22,109298.22786907064
2020-01-23,109298.22786907064
2020-01-24,109298.22786907064
2020-01-27,109298.22786907064
2020-01-28,109298.22786907064
2020-01-29,109298.22786907064
2020-01-30,109298.22786907064
2020-01-31,109298.22786907064
2020-02-03,109298.22786907064
2020-02-04,109298.22786907064
2020-02-05,109298.22786907064
2020-02-06,109298.22786907064
2020-02-07,109298.22786907064
2020-02-10,109298.22786907064
2020-02-11,109298.22786907064
2020-02-12,109298.22786907064
2020-02-13,109298.22786907064
2020-02-14,109298.22786907064
2020-02-18,109298.22786907064
2020-02-19,109298.22786907064
2020-02-20,109298.22786907064
2020-02-21,109298.22786907064
2020-02-24,109298.22786907064
2020-02-25,109298.22786907064
2020-02-26,109298.22786907064
2020-02-27,109298.22786907064
2020-02-28,109298.22786907064
2020-03-02,109298.22786907064
2020-03-03,109298.22786907064
2020-03-04,109298.22786907064
2020-03-05,109298.22786907064
2020-03-06,109298.22786907064
2020-03-09,109298.22786907064
2020-03-10,109298.22786907064
2020-03-11,109298.22786907064
2020-03-12,109298.22786907064
2020-03-13,109298.22786907064
2020-03-16,109298.22786907064
2020-03-17,109298.22786907064
2020-03-18,109298.22786907064
2020-03-19,109298.22786907064
2020-03-20,109298.22786907064
2020-03-23,109298.22786907064
2020-03-24,109298.22786907064
2020-03-25,109298.22786907064
2020-03-26,109298.22786907064
2020-03-27,109298.22786907064
2020-03-30,109298.22786907064
2020-03-31,109298.22786907064
2020-04-01,109298.22786907064
2020-04-02,109298.22786907064
2020-04-03,109298.22786907064
2020-04-06,109298.22786907064
2020-04-07,109298.22786907064
2020-04-08,109298.22786907064
2020-04-09,109298.22786907064
2020-04-13,109298.22786907064
2020-04-14,109298.22786907064
2020-04-15,109298.22786907064
2020-04-16,109298.22786907064
2020-04-17,109298.22786907064
2020-04-20,109298.22786907064
2020-04-21,109298.22786907064
2020-04-22,109298.22786907064
2020-04-23,109298.22786907064
2020-04-24,109298.22786907064
2020-04-27,109298.22786907064
2020-04-28,109298.22786907064
2020-04-29,109298.22786907064
2020-04-30,109298.22786907064
2020-05-01,109298.22786907064
2020-05-04,109298.22786907064
2020-05-05,109298.22786907064
2020-05-06,109298.22786907064
2020-05-07,109298.22786907064
2020-05-08,109298.22786907064
2020-05-11,109298.22786907064
2020-05-12,109298.22786907064
2020-05-13,109298.22786907064
2020-05-14,109298.22786907064
2020-05-15,109298.22786907064
2020-05-18,109298.22786907064
2020-05-19,109298.22786907064
2020-05-20,109298.22786907064
2020-05-21,109298.22786907064
2020-05-22,109298.22786907064
2020-05-26,109298.22786907064
2020-05-27,109298.22786907064
2020-05-28,109298.22786907064
2020-05-29,111010.57774902452
2020-06-01,111463.60583912577
2020-06-02,113712.96683213627
2020-06-03,115208.19920060551
2020-06-04,113494.21680781376
2020-06-05,116175.75727458776
2020-06-08,115403.09338142215
2020-06-09,114917.58609427376
2020-06-10,116467.6636630909
2020-06-11,113005.58429671566
2020-06-12,112310.69228310483
2020-06-15,113690.5528894891
2020-06-16,114051.12824572843
2020-06-17,115770.74451770108
2020-06-18,116332.8785161694
2020-06-19,116325.12492414363
2020-06-22,117183.8372153656
2020-06-23,117589.01486581725
2020-06-24,115993.87220006059
2020-06-25,116005.41839056223
2020-06-26,115671.91085272044
2020-06-29,115774.51268224925
2020-06-30,118301.51658476928
2020-07-01,122219.34978236297
2020-07-02,125039.33545531372
2020-07-06,130333.72010077575
2020-07-07,132447.03755522135
2020-07-08,133647.04759836558
2020-07-09,133751.2695784605
2020-07-10,134727.15471433333
2020-07-13,130407.15310562258
2020-07-14,131108.6894968808
2020-07-15,131462.13738811616
2020-07-16,130899.65849578982
2020-07-17,131012.57920730715
2020-07-20,132761.86262921727
2020-07-21,131415.2819928165
2020-07-22,132571.88259210545
2020-07-23,131184.04745400292
2020-07-24,130843.71735792406
2020-07-27,131705.26356153734
2020-07-28,130950.80641842195
2020-07-29,132380.06106786747
2020-07-30,131819.64921884556
2020-07-31,130466.9516971857
2020-08-03,133704.9775428688
2020-08-04,133559.47647475355
2020-08-05,135866.63399504774
2020-08-06,140739.43498830337
2020-08-07,138220.2207949526
2020-08-10,137902.8834498293
2020-08-11,137278.35408773823
2020-08-12,139297.92950811787
2020-08-13,139803.95074072285
2020-08-14,139525.30046835347
2020-08-17,139273.92504110737
2020-08-18,139614.6264609377
2020-08-19,139023.25197424335
2020-08-20,139279.74877371234
2020-08-21,139249.24962820453
2020-08-24,139146.80871405048
2020-08-25,139306.3355924074
2020-08-26,139284.1298669283
2020-08-27,138396.37237265034
2020-08-28,138868.23969962928
2020-08-31,138309.7265717299
2020-09-01,143783.58823875262
2020-09-02,141831.76661202573
2020-09-03,137057.23547634648
2020-09-04,136030.81540096426
2020-09-08,136030.81540096426
2020-09-09,136030.81540096426
2020-09-10,136030.81540096426
2020-09-11,136030.81540096426
2020-09-14,136030.81540096426
2020-09-15,136030.81540096426
2020-09-16,136030.81540096426
2020-09-17,136030.81540096426
2020-09-18,136030.81540096426
2020-09-21,136030.81540096426
2020-09-22,136030.81540096426
2020-09-23,136030.81540096426
2020-09-24,136030.81540096426
2020-09-25,136030.81540096426
2020-09-28,136030.81540096426
2020-09-29,136030.81540096426
2020-09-30,136030.81540096426
2020-10-01,135924.62234803726
2020-10-02,135571.37234803726
2020-10-05,136161.3009979396
2020-10-06,136190.7384979396
2020-10-07,136120.55204145005
2020-10-08,136106.12425706437
2020-10-09,136336.24628320266
2020-10-12,136075.3949592158
2020-10-13,137622.55208980816
2020-10-14,136668.20944610852
2020-10-15,134001.81625192048
2020-10-16,132808.69795578197
2020-10-19,131461.97256376783
2020-10-20,132610.40539076368
2020-10-21,132846.45640852491
2020-10-22,140157.721138554
2020-10-23,141040.9574913372
2020-10-26,139787.75382880322
2020-10-27,139803.4134662544
2020-10-28,139382.75382880322
2020-10-29,139303.37376288525
2020-10-30,139020.14320258252
2020-11-02,139893.86363104932
2020-11-03,140071.25382880322
2020-11-04,140569.40333441846
2020-11-05,140797.5536640083
2020-11-06,140417.93372992627
2020-11-09,140394.71330145947
2020-11-10,140052.62376288525
2020-11-11,139977.80950218884
2020-11-12,139977.80950218884
2020-11-13,139977.80950218884
2020-11-16,139675.1828373615
2020-11-17,139024.13457980458
2020-11-18,138478.62246595309
2020-11-19,138458.4271409799
2020-11-20,138572.4910447885
2020-11-23,138367.22967037425
2020-11-24,141655.6024944575
2020-11-25,140206.36160586192
2020-11-27,139007.7882053645
2020-11-30,135533.1640093953
2020-12-01,135520.65068453297
2020-12-02,134149.87099474415
2020-12-03,135618.12208150313
2020-12-04,136462.0006617033
2020-12-07,136853.79948897188
2020-12-08,138709.09576124971
2020-12-09,133386.01385835942
2020-12-10,134709.51998913105
2020-12-11,133122.12376507247
2020-12-14,133084.57718530524
2020-12-15,134011.52940225945
2020-12-16,133955.07960014875
2020-12-17,134352.19566190592
2020-12-18,136128.0353473254
2020-12-21,133217.9061777066
2020-12-22,135031.95569985473
2020-12-23,132593.15289579282
2020-12-24,133369.5615414227
2020-12-28,132070.99269479114
2020-12-29,131197.5132788976
2020-12-30,131197.5132788976
2020-12-31,131197.5132788976
2021-01-04,131197.5132788976
2021-01-05,131197.5132788976
2021-01-06,131059.79190032704
2021-01-07,132322.59139983874
2021-01-08,132037.23300140124
2021-01-11,132972.03250091296
2021-01-12,133617.60058030445
2021-01-13,133670.08053025563
2021-01-14,133858.68078049977
2021-01-15,133791.44017991383
2021-01-19,134867.12630198413
2021-01-20,134808.28758738452
2021-01-21,135330.32494090014
2021-01-22,135872.24583933764
2021-01-25,134171.19668651762
2021-01-26,132798.38751961198
2021-01-27,131792.13860498607
2021-01-28,130908.93853174389
2021-01-29,130234.51742398631
2021-02-01,130297.23772791767
2021-02-02,131054.94951990986
2021-02-03,131811.38401392841
2021-02-04,131907.20101687335
2021-02-05,132078.36302425305
2021-02-08,133972.21429683606
2021-02-09,135726.78891231457
2021-02-10,134727.62412448038
2021-02-11,139392.94422175517
2021-02-12,139119.75980685343
2021-02-16,138480.3874850082
2021-02-17,136569.69243132672
2021-02-18,134759.0530371865
2021-02-19,137689.15061283784
2021-02-22,137597.04288455338
2021-02-23,136893.88639815897
2021-02-24,137952.52661926526
2021-02-25,133096.09785302443
2021-02-26,132086.362742553
2021-03-01,133317.24784119104
2021-03-02,132768.951610095
2021-03-03,133866.39448118876
2021-03-04,134266.82125807475
2021-03-05,134817.78306776984
2021-03-08,136698.606427445
2021-03-09,134620.8430407186
2021-03-10,135457.438742745
2021-03-11,136962.1155892492
2021-03-12,139982.3901526171
2021-03-15,141022.1107260424
2021-03-16,140587.94234643877
2021-03-17,140743.5169542879
2021-03-18,140583.07231346532
2021-03-19,140486.77959181718
2021-03-22,139488.77347540972
2021-03-23,138162.66429423066
2021-03-24,137800.6423875178
2021-03-25,137274.9089778396
2021-03-26,137274.9089778396
2021-03-29,137274.9089778396
2021-03-30,137274.9089778396
2021-03-31,137274.9089778396
2021-04-01,137274.9089778396
2021-04-05,137274.9089778396
2021-04-06,137274.9089778396
2021-04-07,137274.9089778396
2021-04-08,137274.9089778396
2021-04-09,137274.9089778396
2021-04-12,137274.9089778396
2021-04-13,136472.0497651598
2021-04-14,136380.31063310904
2021-04-15,136419.78138013743
2021-04-16,136602.62300916575
2021-04-19,135819.5397951257
2021-04-20,135819.5397951257
2021-04-21,135819.5397951257
2021-04-22,135819.5397951257
2021-04-23,135819.5397951257
2021-04-26,136347.24273290453
2021-04-27,137119.5811865089
2021-04-28,137794.18657956814
2021-04-29,137709.39598355984
2021-04-30,136416.50657554634
2021-05-03,136747.66451586352
2021-05-04,135699.2245033038
2021-05-05,135817.62439038875
2021-05-06,135437.45178968195
2021-05-07,135437.45178968195
2021-05-10,135437.45178968195
2021-05-11,135437.45178968195
2021-05-12,135437.45178968195
2021-05-13,135437.45178968195
2021-05-14,135437.45178968195
2021-05-17,135437.45178968195
2021-05-18,135437.45178968195
2021-05-19,135437.45178968195
2021-05-20,135437.45178968195
2021-05-21,135437.45178968195
2021-05-24,135437.45178968195
2021-05-25,135437.45178968195
2021-05-26,135437.45178968195
2021-05-27,135437.45178968195
2021-05-28,135437.45178968195
2021-06-01,137269.27588080397
2021-06-02,136588.13724156996
2021-06-03,136935.33023473402
2021-06-04,137395.13394567152
2021-06-07,136693.4874393849
2021-06-08,136660.6456425099
2021-06-09,136228.99866985364
2021-06-10,135968.7397766041
2021-06-11,135968.7397766041
2021-06-14,135968.7397766041
2021-06-15,135968.7397766041
2021-06-16,136252.07680749096
2021-06-17,135289.16517549954
2021-06-18,135289.16517549954
2021-06-21,135289.16517549954
2021-06-22,135289.16517549954
2021-06-23,135289.16517549954
2021-06-24,135289.16517549954
2021-06-25,135289.16517549954
2021-06-28,135289.16517549954
2021-06-29,135289.16517549954
2021-06-30,135289.16517549954
2021-07-01,135289.16517549954
2021-07-02,135289.16517549954
2021-07-06,135289.16517549954
2021-07-07,135289.16517549954
2021-07-08,135289.16517549954
2021-07-09,135289.16517549954
2021-07-12,135289.16517549954
2021-07-13,135289.16517549954
2021-07-14,135354.4633993002
2021-07-15,136369.63216150724
2021-07-16,138456.5225423666
2021-07-19,140575.00282801114
2021-07-20,140080.72913155422
2021-07-21,140618.1490839468
2021-07-22,140710.58008370266
2021-07-23,141699.22913155422
2021-07-26,141193.78946480618
2021-07-27,140906.35965523586
2021-07-28,141718.3399408804
2021-07-29,141574.82022652493
2021-07-30,141885.25989327297
2021-08-02,141612.6490839468
2021-08-03,143168.75003609524
2021-08-04,144437.80917916165
2021-08-05,144329.00003609524
2021-08-06,144229.9397028433
2021-08-09,146989.1897028433
2021-08-10,145908.50003609524
2021-08-11,143115.21519681608
2021-08-12,143115.21519681608
2021-08-13,143115.21519681608
2021-08-16,143115.21519681608
2021-08-17,143115.21519681608
2021-08-18,143115.21519681608
2021-08-19,143115.21519681608
2021-08-20,143115.21519681608
2021-08-23,143115.21519681608
2021-08-24,143115.21519681608
2021-08-25,143115.21519681608
2021-08-26,143115.21519681608
2021-08-27,143115.21519681608
2021-08-30,143115.21519681608
2021-08-31,143115.21519681608
2021-09-01,143115.21519681608
2021-09-02,143115.21519681608
2021-09-03,142800.6508930315
2021-09-07,142543.5914140274
2021-09-08,142543.5914140274
2021-09-09,142712.08017501375
2021-09-10,142037.58095072946
2021-09-13,142037.58095072946
2021-09-14,142037.58095072946
2021-09-15,142037.58095072946
2021-09-16,142037.58095072946
2021-09-17,142037.58095072946
2021-09-20,142037.58095072946
2021-09-21,142037.58095072946
2021-09-22,142037.58095072946
2021-09-23,142037.58095072946
2021-09-24,142037.58095072946
2021-09-27,142037.58095072946
2021-09-28,142037.58095072946
2021-09-29,142037.58095072946
2021-09-30,142037.58095072946
2021-10-01,142037.58095072946
2021-10-04,142037.58095072946
2021-10-05,142037.58095072946
2021-10-06,142037.58095072946
2021-10-07,142037.58095072946
2021-10-08,142037.58095072946
2021-10-11,142037.58095072946
2021-10-12,142037.58095072946
2021-10-13,142037.58095072946
2021-10-14,142037.58095072946
2021-10-15,142037.58095072946
2021-10-18,141066.12483344914
2021-10-19,140926.95019337672
2021-10-20,140600.6329278793
2021-10-21,140600.6329278793
2021-10-22,140600.6329278793
2021-10-25,141040.81852756508
2021-10-26,140640.09669125755
2021-10-27,138568.78341499929
2021-10-28,139403.26251045827
2021-10-29,139120.54299751882
2021-11-01,139533.2224408782
2021-11-02,137206.48376289968
2021-11-03,137206.48376289968
2021-11-04,137206.48376289968
2021-11-05,137206.48376289968
2021-11-08,137206.48376289968
2021-11-09,137206.48376289968
2021-11-10,137206.48376289968
2021-11-11,137206.48376289968
2021-11-12,137206.48376289968
2021-11-15,137206.48376289968
2021-11-16,137206.48376289968
2021-11-17,137206.48376289968
2021-11-18,137206.48376289968
2021-11-19,137206.48376289968
2021-11-22,136862.94279429954
2021-11-23,136605.5499243502
2021-11-24,136605.5499243502
2021-11-26,136605.5499243502
2021-11-29,136599.64074246545
2021-11-30,135925.68102566857
2021-12-01,135925.68102566857
2021-12-02,135925.68102566857
2021-12-03,135925.68102566857
2021-12-06,135925.68102566857
2021-12-07,135925.68102566857
2021-12-08,135925.68102566857
2021-12-09,135925.68102566857
2021-12-10,135925.68102566857
2021-12-13,135925.68102566857
2021-12-14,135925.68102566857
2021-12-15,135925.68102566857
2021-12-16,135925.68102566857
2021-12-17,135925.68102566857
2021-12-20,135925.68102566857
2021-12-21,135925.68102566857
2021-12-22,135925.68102566857
2021-12-23,135925.68102566857
2021-12-27,135925.68102566857
2021-12-28,135925.68102566857
2021-12-29,135925.68102566857
2021-12-30,135925.68102566857
2021-12-31,135925.68102566857
2022-01-03,136332.1591079934
2022-01-04,140047.01931446948
2022-01-05,137641.37661752073
2022-01-06,138226.9876862463
2022-01-07,138335.9854878527
2022-01-10,137864.5719422442
2022-01-11,138498.74280634942
2022-01-12,138599.62644473137
2022-01-13,138888.14941111626
2022-01-14,139922.87099113176
2022-01-18,138685.9737651796
2022-01-19,138284.38762396525
2022-01-20,137711.51881195424
2022-01-21,137711.51881195424
2022-01-24,137711.51881195424
2022-01-25,137711.51881195424
2022-01-26,137711.51881195424
2022-01-27,137711.51881195424
2022-01-28,137711.51881195424
2022-01-31,137711.51881195424
2022-02-01,137711.51881195424
2022-02-02,137711.51881195424
2022-02-03,137711.51881195424
2022-02-04,137312.95563868087
2022-02-07,137178.45955673445
2022-02-08,135837.50981784076
2022-02-09,135837.50981784076
2022-02-10,135837.50981784076
2022-02-11,135837.50981784076
2022-02-14,135837.50981784076
2022-02-15,135837.50981784076
2022-02-16,135837.50981784076
2022-02-17,135837.50981784076
2022-02-18,135837.50981784076
2022-02-22,135837.50981784076
2022-02-23,135837.50981784076
2022-02-24,135837.50981784076
2022-02-25,135837.50981784076
2022-02-28,135837.50981784076
2022-03-01,135837.50981784076
2022-03-02,135837.50981784076
2022-03-03,135837.50981784076
2022-03-04,135837.50981784076
2022-03-07,135837.50981784076
2022-03-08,135837.50981784076
2022-03-09,135837.50981784076
2022-03-10,135837.50981784076
2022-03-11,135837.50981784076
2022-03-14,135837.50981784076
2022-03-15,135837.50981784076
2022-03-16,135837.50981784076
2022-03-17,135837.50981784076
2022-03-18,135837.50981784076
2022-03-21,135837.50981784076
2022-03-22,135837.50981784076
2022-03-23,135837.50981784076
2022-03-24,135837.50981784076
2022-03-25,136088.41997837398
2022-03-28,134144.96710033965
2022-03-29,134119.16815014434
2022-03-30,134699.581650938
2022-03-31,134175.0497010688
2022-04-01,134876.91235289376
2022-04-04,134540.69325172112
2022-04-05,132960.45723942234
2022-04-06,133881.04813304057
2022-04-07,132930.49959701375
2022-04-08,133956.7865361735
2022-04-11,132961.5023486384
2022-04-12,133031.33846924387
2022-04-13,134301.75788010133
2022-04-14,134681.81662955202
2022-04-18,135651.3999577991
2022-04-19,134918.48268421713
2022-04-20,135117.17940052573
2022-04-21,134354.52992542807
2022-04-22,133676.66419195334
2022-04-25,133676.66419195334
2022-04-26,133676.66419195334
2022-04-27,133676.66419195334
2022-04-28,133676.66419195334
2022-04-29,133676.66419195334
2022-05-02,133676.66419195334
2022-05-03,133676.66419195334
2022-05-04,133676.66419195334
2022-05-05,133676.66419195334
2022-05-06,133676.66419195334
2022-05-09,133676.66419195334
2022-05-10,133676.66419195334
2022-05-11,133676.66419195334
2022-05-12,133676.66419195334
2022-05-13,133676.66419195334
2022-05-16,133676.66419195334
2022-05-17,133676.66419195334
2022-05-18,133676.66419195334
2022-05-19,133676.66419195334
2022-05-20,133676.66419195334
2022-05-23,133676.66419195334
2022-05-24,133676.66419195334
2022-05-25,133676.66419195334
2022-05-26,133676.66419195334
2022-05-27,133676.66419195334
2022-05-31,133676.66419195334
2022-06-01,133676.66419195334
2022-06-02,133676.66419195334
2022-06-03,133676.66419195334
2022-06-06,133676.66419195334
2022-06-07,133676.66419195334
2022-06-08,133676.66419195334
2022-06-09,133676.66419195334
2022-06-10,133676.66419195334
2022-06-13,133676.66419195334
2022-06-14,133676.66419195334
2022-06-15,133676.66419195334
2022-06-16,133676.66419195334
2022-06-17,133676.66419195334
2022-06-21,133676.66419195334
2022-06-22,133676.66419195334
2022-06-23,133676.66419195334
2022-06-24,133676.66419195334
2022-06-27,133676.66419195334
2022-06-28,133676.66419195334
2022-06-29,133676.66419195334
2022-06-30,133676.66419195334
2022-07-01,133676.66419195334
2022-07-05,133676.66419195334
2022-07-06,133676.66419195334
2022-07-07,133676.66419195334
2022-07-08,133676.66419195334
2022-07-11,133676.66419195334
2022-07-12,133676.66419195334
2022-07-13,133676.66419195334
2022-07-14,133676.66419195334
2022-07-15,133676.66419195334
2022-07-18,133676.66419195334
2022-07-19,133676.66419195334
2022-07-20,133676.66419195334
2022-07-21,133676.66419195334
2022-07-22,133676.66419195334
2022-07-25,133676.66419195334
2022-07-26,133676.66419195334
2022-07-27,133676.66419195334
2022-07-28,133676.66419195334
2022-07-29,133676.66419195334
2022-08-01,133676.66419195334
2022-08-02,133676.66419195334
2022-08-03,133676.66419195334
2022-08-04,133676.66419195334
2022-08-05,133676.66419195334
2022-08-08,133676.66419195334
2022-08-09,133676.66419195334
2022-08-10,133676.66419195334
2022-08-11,133676.66419195334
2022-08-12,133676.66419195334
2022-08-15,133676.66419195334
2022-08-16,133258.9312796365
2022-08-17,133131.57081884812
2022-08-18,133131.57081884812
2022-08-19,133131.57081884812
2022-08-22,133131.57081884812
2022-08-23,133131.57081884812
2022-08-24,133131.57081884812
2022-08-25,133131.57081884812
2022-08-26,133131.57081884812
2022-08-29,133131.57081884812
2022-08-30,133131.57081884812
2022-08-31,133131.57081884812
2022-09-01,133131.57081884812
2022-09-02,133131.57081884812
2022-09-06,133131.57081884812
2022-09-07,133131.57081884812
2022-09-08,133131.57081884812
2022-09-09,133131.57081884812
2022-09-12,133131.57081884812
2022-09-13,133131.57081884812
2022-09-14,133131.57081884812
2022-09-15,133131.57081884812
2022-09-16,133131.57081884812
2022-09-19,133131.57081884812
2022-09-20,133131.57081884812
2022-09-21,133131.57081884812
2022-09-22,133131.57081884812
2022-09-23,133131.57081884812
2022-09-26,133131.57081884812
2022-09-27,133131.57081884812
2022-09-28,133131.57081884812
2022-09-29,133131.57081884812
2022-09-30,133131.57081884812
2022-10-03,133131.57081884812
2022-10-04,133131.57081884812
2022-10-05,133131.57081884812
2022-10-06,133131.57081884812
2022-10-07,133131.57081884812
2022-10-10,133131.57081884812
2022-10-11,133131.57081884812
2022-10-12,133131.57081884812
2022-10-13,133131.57081884812
2022-10-14,133131.57081884812
2022-10-17,133131.57081884812
2022-10-18,133131.57081884812
2022-10-19,133131.57081884812
2022-10-20,133131.57081884812
2022-10-21,133131.57081884812
2022-10-24,133131.57081884812
2022-10-25,133131.57081884812
2022-10-26,133131.57081884812
2022-10-27,133131.57081884812
2022-10-28,133131.57081884812
2022-10-31,133131.57081884812
2022-11-01,133131.57081884812
2022-11-02,133131.57081884812
2022-11-03,133131.57081884812
2022-11-04,133131.57081884812
2022-11-07,133131.57081884812
2022-11-08,133131.57081884812
2022-11-09,133131.57081884812
2022-11-10,133131.57081884812
2022-11-11,133131.57081884812
2022-11-14,133131.57081884812
2022-11-15,133131.57081884812
2022-11-16,133131.57081884812
2022-11-17,133131.57081884812
2022-11-18,133131.57081884812
2022-11-21,133131.57081884812
2022-11-22,133131.57081884812
2022-11-23,133131.57081884812
2022-11-25,133131.57081884812
2022-11-28,133131.57081884812
2022-11-29,133131.57081884812
2022-11-30,133553.39116336868
2022-12-01,132518.86242628525
2022-12-02,133013.70025929133
2022-12-05,131893.23216551126
2022-12-06,132225.4893752891
2022-12-07,132079.99002378763
2022-12-08,132603.9085677711
2022-12-09,132426.1521819679
2022-12-12,132254.21792584338
2022-12-13,131748.2012792064
2022-12-14,131606.11750915
2022-12-15,131606.11750915
2022-12-16,131606.11750915
2022-12-19,131606.11750915
2022-12-20,131606.11750915
2022-12-21,131606.11750915
2022-12-22,131606.11750915
2022-12-23,131606.11750915
2022-12-27,131606.11750915
2022-12-28,131606.11750915
2022-12-29,131606.11750915
2022-12-30,131606.11750915
2023-01-03,131606.11750915
2023-01-04,131606.11750915
2023-01-05,131606.11750915
2023-01-06,131606.11750915
2023-01-09,131606.11750915
2023-01-10,131606.11750915
2023-01-11,131606.11750915
2023-01-12,131606.11750915
2023-01-13,131606.11750915
2023-01-17,131606.11750915
2023-01-18,131606.11750915
2023-01-19,131606.11750915
2023-01-20,131606.11750915
2023-01-23,131606.11750915
2023-01-24,131606.11750915
2023-01-25,131606.11750915
2023-01-26,131606.11750915
2023-01-27,131606.11750915
2023-01-30,131606.11750915
2023-01-31,131606.11750915
2023-02-01,131606.11750915
2023-02-02,131606.11750915
2023-02-03,131606.11750915
2023-02-06,131606.11750915
2023-02-07,131606.11750915
2023-02-08,131606.11750915
2023-02-09,131606.11750915
2023-02-10,131606.11750915
2023-02-13,131606.11750915
2023-02-14,131606.11750915
2023-02-15,131606.11750915
2023-02-16,131606.11750915
2023-02-17,131606.11750915
2023-02-21,131606.11750915
2023-02-22,131606.11750915
2023-02-23,131606.11750915
2023-02-24,131623.83269238423
2023-02-27,131972.2136118407
2023-02-28,131527.01774079274
2023-03-01,134033.23659760426
2023-03-02,133335.0554550776
2023-03-03,133572.5833061585
2023-03-06,133609.30027362678
2023-03-07,133035.29348285368
2023-03-08,133901.33918292692
2023-03-09,132321.91364247064
2023-03-10,131818.1961272454
2023-03-13,131818.1961272454
2023-03-14,131818.1961272454
2023-03-15,131818.1961272454
2023-03-16,131818.1961272454
2023-03-17,131818.1961272454
2023-03-20,131818.1961272454
2023-03-21,131818.1961272454
2023-03-22,131818.1961272454
2023-03-23,131818.1961272454
2023-03-24,131818.1961272454
2023-03-27,131818.1961272454
2023-03-28,131818.1961272454
2023-03-29,131818.1961272454
2023-03-30,131818.1961272454
2023-03-31,131818.1961272454
2023-04-03,131818.1961272454
2023-04-04,131818.1961272454
2023-04-05,131818.1961272454
2023-04-06,131818.1961272454
2023-04-10,131818.1961272454
2023-04-11,131818.1961272454
2023-04-12,131818.1961272454
2023-04-13,131818.1961272454
2023-04-14,131818.1961272454
2023-04-17,131818.1961272454
2023-04-18,131657.76004654405
2023-04-19,131159.17941910264
2023-04-20,131159.17941910264
2023-04-21,131159.17941910264
2023-04-24,131159.17941910264
2023-04-25,131159.17941910264
2023-04-26,131159.17941910264
2023-04-27,131159.17941910264
2023-04-28,131159.17941910264
2023-05-01,131159.17941910264
2023-05-02,131159.17941910264
2023-05-03,131159.17941910264
2023-05-04,131159.17941910264
2023-05-05,131159.17941910264
2023-05-08,131159.17941910264
2023-05-09,131159.17941910264
2023-05-10,131159.17941910264
2023-05-11,131159.17941910264
2023-05-12,131159.17941910264
2023-05-15,131159.17941910264
2023-05-16,131159.17941910264
2023-05-17,131159.17941910264
2023-05-18,131159.17941910264
2023-05-19,131159.17941910264
2023-05-22,131159.17941910264
2023-05-23,131159.17941910264
2023-05-24,131159.17941910264
2023-05-25,130701.49417383286
2023-05-26,130839.49417383286
2023-05-30,130937.01394922349
2023-05-31,131161.49417383288
2023-06-01,131171.8435670366
2023-06-02,131519.6034547319
2023-06-05,131664.96362318893
2023-06-06,131802.96362318893
2023-06-07,131163.32672311875
2023-06-08,131163.32672311875
2023-06-09,131163.32672311875
2023-06-12,131163.32672311875
2023-06-13,131163.32672311875
2023-06-14,131163.32672311875
2023-06-15,131163.32672311875
2023-06-16,131163.32672311875
2023-06-20,131163.32672311875
2023-06-21,131163.32672311875
2023-06-22,130854.74527153489
2023-06-23,130840.71925338786
2023-06-26,130520.45787086147
2023-06-27,131312.04711951868
2023-06-28,131427.5365661587
2023-06-29,131904.3894776272
2023-06-30,132583.81011159936
2023-07-03,133038.86297376672
2023-07-05,132792.3338332943
2023-07-06,132308.86736066858
2023-07-07,132786.39436872522
2023-07-10,133265.11714931147
2023-07-11,134312.55530981845
2023-07-12,133878.18416958445
2023-07-13,137444.5763069784
2023-07-14,136488.75820135706
2023-07-17,139571.88332193965
2023-07-18,142268.5087677824
2023-07-19,141273.64888017482
2023-07-20,138199.27417307108
2023-07-21,137726.59673084467
2023-07-24,137710.97572912424
2023-07-25,138491.0268961355
2023-07-26,137662.96158603474
2023-07-27,137650.7116394405
2023-07-28,138282.46174625203
2023-07-31,138481.9616394405
2023-08-01,137746.96083835408
2023-08-02,137632.68881639285
2023-08-03,137632.68881639285
2023-08-04,137632.68881639285
2023-08-07,137632.68881639285
2023-08-08,137632.68881639285
2023-08-09,137632.68881639285
2023-08-10,137632.68881639285
2023-08-11,137632.68881639285
2023-08-14,137632.68881639285
2023-08-15,137632.68881639285
2023-08-16,137632.68881639285
2023-08-17,137632.68881639285
2023-08-18,137632.68881639285
2023-08-21,137632.68881639285
2023-08-22,137632.68881639285
2023-08-23,137632.68881639285
2023-08-24,137632.68881639285
2023-08-25,137632.68881639285
2023-08-28,137632.68881639285
2023-08-29,137632.68881639285
2023-08-30,137632.68881639285
2023-08-31,137632.68881639285
2023-09-01,137632.68881639285
2023-09-05,137632.68881639285
2023-09-06,137632.68881639285
2023-09-07,137632.68881639285
2023-09-08,137632.68881639285
2023-09-11,137632.68881639285
2023-09-12,137240.90149432272
2023-09-13,136944.88219481558
2023-09-14,136944.88219481558
2023-09-15,136944.88219481558
2023-09-18,136944.88219481558
2023-09-19,136944.88219481558
2023-09-20,136944.88219481558
2023-09-21,136944.88219481558
2023-09-22,136944.88219481558
2023-09-25,136944.88219481558
2023-09-26,136944.88219481558
2023-09-27,136944.88219481558
2023-09-28,136944.88219481558
2023-09-29,136944.88219481558
2023-10-02,136944.88219481558
2023-10-03,136944.88219481558
2023-10-04,136944.88219481558
2023-10-05,136944.88219481558
2023-10-06,136944.88219481558
2023-10-09,136944.88219481558
2023-10-10,136944.88219481558
2023-10-11,136944.88219481558
2023-10-12,136944.88219481558
2023-10-13,136944.88219481558
2023-10-16,136944.88219481558
2023-10-17,136944.88219481558
2023-10-18,136944.88219481558
2023-10-19,136944.88219481558
2023-10-20,136944.88219481558
2023-10-23,136944.88219481558
2023-10-24,136944.88219481558
2023-10-25,136944.88219481558
2023-10-26,136944.88219481558
2023-10-27,136944.88219481558
2023-10-30,136944.88219481558
2023-10-31,136944.88219481558
2023-11-01,136944.88219481558
2023-11-02,136944.88219481558
2023-11-03,136944.88219481558
2023-11-06,136944.88219481558
2023-11-07,136944.88219481558
2023-11-08,136944.88219481558
2023-11-09,136944.88219481558
2023-11-10,136944.88219481558
2023-11-13,136944.88219481558
2023-11-14,136944.88219481558
2023-11-15,136779.56772975822
2023-11-16,135923.9975851049
2023-11-17,135923.9975851049
2023-11-20,136311.77879353994
2023-11-21,135977.6982271337
2023-11-22,136000.8996431493
2023-11-24,136293.21836873525
2023-11-27,136793.90077925773
2023-11-28,139303.09904649635
2023-11-29,140371.38962749002
2023-11-30,140666.0882969236
2023-12-01,141550.0612551374
2023-12-04,141156.48299406332
2023-12-05,140964.008471343
2023-12-06,140422.7501217336
2023-12-07,140337.64834561056
2023-12-08,139948.7504389028
2023-12-11,140058.49047491353
2023-12-12,140207.17072698873
2023-12-13,140576.51040289205
2023-12-14,140672.0901148061
2023-12-15,140611.9098627309
2023-12-18,140701.5901148061
2023-12-19,140694.51040289205
2023-12-20,139902.92846287435
2023-12-21,139902.92846287435
2023-12-22,139902.92846287435
2023-12-26,139902.92846287435
2023-12-27,139902.92846287435
2023-12-28,139902.92846287435
2023-12-29,139902.92846287435
2024-01-02,139902.92846287435
2024-01-03,139902.92846287435
2024-01-04,139902.92846287435
2024-01-05,139902.92846287435
2024-01-08,139902.92846287435
2024-01-09,139902.92846287435
2024-01-10,139902.92846287435
2024-01-11,139902.92846287435
2024-01-12,139902.92846287435
2024-01-16,139902.92846287435
2024-01-17,139902.92846287435
2024-01-18,139902.92846287435
2024-01-19,139902.92846287435
2024-01-22,139902.92846287435
2024-01-23,139902.92846287435
2024-01-24,139902.92846287435
2024-01-25,139902.92846287435
2024-01-26,139902.92846287435
2024-01-29,139902.92846287435
2024-01-30,139902.92846287435
2024-01-31,139902.92846287435
2024-02-01,139902.92846287435
2024-02-02,139902.92846287435
2024-02-05,139902.92846287435
2024-02-06,139902.92846287435
2024-02-07,139902.92846287435
2024-02-08,139902.92846287435
2024-02-09,139902.92846287435
2024-02-12,139880.4309371921
2024-02-13,139352.04605117976
2024-02-14,139072.8525210589
2024-02-15,138659.8674288958
2024-02-16,138659.8674288958
2024-02-20,138659.8674288958
2024-02-21,138659.8674288958
2024-02-22,138763.72818496882
2024-02-23,138783.24863174616
2024-02-26,138414.80811050592
2024-02-27,138550.22818496882
2024-02-28,137971.9475148028
2024-02-29,137971.9475148028
2024-03-01,137971.9475148028
2024-03-04,137971.9475148028
2024-03-05,137971.9475148028
2024-03-06,137971.9475148028
2024-03-07,137971.9475148028
2024-03-08,137732.5935640801
2024-03-11,137586.0142031182
2024-03-12,137282.38324456106
2024-03-13,137028.9423795333
2024-03-14,136363.78604100182
2024-03-15,136250.973022203
2024-03-18,137746.20860891868
2024-03-19,137558.62375945426
2024-03-20,138577.77155608512
2024-03-21,139097.26627977897
2024-03-22,138577.02629832222
2024-03-25,138732.87250498726
2024-03-26,138372.62275338126
2024-03-27,138538.64423210575
2024-03-28,138450.72512522675
2024-04-01,137292.14363313842
2024-04-02,135841.34501672912
2024-04-03,138050.17247011195
2024-04-04,136252.48169315874
2024-04-05,137483.65601282657
2024-04-08,136698.71176844178
2024-04-09,134923.10193246687
2024-04-10,134845.6653708824
2024-04-11,135303.52596516264
2024-04-12,134445.8706100273
2024-04-15,134445.8706100273
2024-04-16,134445.8706100273
2024-04-17,134445.8706100273
2024-04-18,134445.8706100273
2024-04-19,134445.8706100273
2024-04-22,134445.8706100273
2024-04-23,134445.8706100273
2024-04-24,134445.8706100273
2024-04-25,134445.8706100273
2024-04-26,134445.8706100273
2024-04-29,134445.8706100273
2024-04-30,134445.8706100273
2024-05-01,134445.8706100273
2024-05-02,134445.8706100273
2024-05-03,134445.8706100273
2024-05-06,134445.8706100273
2024-05-07,134445.8706100273
2024-05-08,134445.8706100273
2024-05-09,134445.8706100273
2024-05-10,134445.8706100273
2024-05-13,134445.8706100273
2024-05-14,134377.63659589223
2024-05-15,137065.76551133924
2024-05-16,135225.83018831274
2024-05-17,135627.26631502173
2024-05-20,135115.3621057932
2024-05-21,135227.8068689768
2024-05-22,135261.72814888402
2024-05-23,135625.44686836645
2024-05-24,136040.67185921117
2024-05-28,136411.30158943578
2024-05-29,137236.1061243479
2024-05-30,136652.52343696996
2024-05-31,135054.66123335913
2024-06-03,135040.34090560034
2024-06-04,135255.1403593357
2024-06-05,135971.1403593357
2024-06-06,135190.94964857367
2024-06-07,134811.02643879966
2024-06-10,134811.02643879966
2024-06-11,134811.02643879966
2024-06-12,134811.02643879966
2024-06-13,134811.02643879966
2024-06-14,134811.02643879966
2024-06-17,134811.02643879966
2024-06-18,135352.86811847423
2024-06-20,134309.32028706805
2024-06-21,134309.32028706805
2024-06-24,134309.32028706805
2024-06-25,134309.32028706805
2024-06-26,134309.32028706805
2024-06-27,134309.32028706805
2024-06-28,134309.32028706805
2024-07-01,134309.32028706805
2024-07-02,134309.32028706805
2024-07-03,134309.32028706805
2024-07-05,134125.95817183368
2024-07-08,134273.68673501268
2024-07-09,133834.6659220244
2024-07-10,133956.55246336848
2024-07-11,134004.63635252102
2024-07-12,134211.27627561672
2024-07-15,134342.31639097317
2024-07-16,134473.3565063296
2024-07-17,133819.11683335598
2024-07-18,133819.11683335598
2024-07-19,133819.11683335598
2024-07-22,133819.11683335598
2024-07-23,133819.11683335598
2024-07-24,133819.11683335598
2024-07-25,133819.11683335598
2024-07-26,133819.11683335598
2024-07-29,133819.11683335598
2024-07-30,133819.11683335598
2024-07-31,133819.11683335598
2024-08-01,133819.11683335598
2024-08-02,133819.11683335598
2024-08-05,133819.11683335598
2024-08-06,133819.11683335598
2024-08-07,133819.11683335598
2024-08-08,133819.11683335598
2024-08-09,133819.11683335598
2024-08-12,133819.11683335598
2024-08-13,133819.11683335598
2024-08-14,133819.11683335598
2024-08-15,133819.11683335598
2024-08-16,133819.11683335598
2024-08-19,133819.11683335598
2024-08-20,133819.11683335598
2024-08-21,134068.6890601676
2024-08-22,133203.53732676918
2024-08-23,134119.38899798805
2024-08-26,133842.84844966346
2024-08-27,133718.65045571377
2024-08-28,133178.92834662728
2024-08-29,133178.92834662728
2024-08-30,133258.24776953988
2024-09-03,132515.59686793463
2024-09-04,132515.59686793463
2024-09-05,132515.59686793463
2024-09-06,132515.59686793463
2024-09-09,132515.59686793463
2024-09-10,132515.59686793463
2024-09-11,132515.59686793463
2024-09-12,132515.59686793463
2024-09-13,132515.59686793463
2024-09-16,132515.59686793463
2024-09-17,132515.59686793463
2024-09-18,132515.59686793463
2024-09-19,132515.59686793463
2024-09-20,132515.59686793463
2024-09-23,132307.1428230013
2024-09-24,131853.11598445012
2024-09-25,134429.5187589331
2024-09-26,135596.6371331549
2024-09-27,138641.76795819763
2024-09-30,138012.71837571624
2024-10-01,135634.33322681917
2024-10-02,136324.57393993868
2024-10-03,135663.09388508333
2024-10-04,136059.52821687458
2024-10-07,135531.01605432777
2024-10-08,135189.98142200278
2024-10-09,135872.98680080508
2024-10-10,135841.49357570743
2024-10-11,135331.55294765567
2024-10-14,135426.60964087007
2024-10-15,135306.33739754662
2024-10-16,136906.33745551287
2024-10-17,134877.64156362021
2024-10-18,134739.83983844053
2024-10-21,136650.4520401312
2024-10-22,136443.41930785807
2024-10-23,135432.56400854167
2024-10-24,135693.51808867283
2024-10-25,135956.39711278936
2024-10-28,136094.68741506597
2024-10-29,136258.14689344427
2024-10-30,135044.62654997752
2024-10-31,134498.32793929026
2024-11-01,134498.32793929026
2024-11-04,134498.32793929026
2024-11-05,134498.32793929026
2024-11-06,135140.1290210249
2024-11-07,144150.15829119703
2024-11-08,148849.7898019316
2024-11-11,150775.35709033033
2024-11-12,150818.85034011482
2024-11-13,154336.50002120613
2024-11-14,153029.83057998298
2024-11-15,154868.7503492701
2024-11-18,155498.30137466072
2024-11-19,159208.35617263077
2024-11-20,158686.94865615127
2024-11-21,160607.7366945729
2024-11-22,162244.33812627784
2024-11-25,161338.29806062693
2024-11-26,162486.51671251352
2024-11-27,161853.65480073987
2024-11-29,163749.60548433362
2024-12-02,161115.62529024182
2024-12-03,162681.1450474058
2024-12-04,165279.193471953
2024-12-05,163444.37685207996
2024-12-06,168877.5804958788
2024-12-09,159541.7079732843
2024-12-10,159007.04583061842
2024-12-11,159431.39417160657
2024-12-12,163797.25330628065
2024-12-13,163312.49939875273
2024-12-16,162652.67032961515
2024-12-17,162058.98020510343
2024-12-18,160813.21614106896
2024-12-19,160813.21614106896
2024-12-20,160813.21614106896
2024-12-23,160813.21614106896
2024-12-24,160813.21614106896
2024-12-26,160813.21614106896
2024-12-27,160813.21614106896
2024-12-30,160813.21614106896
2024-12-31,160813.21614106896
2025-01-02,160813.21614106896
2025-01-03,160813.21614106896
2025-01-06,160813.21614106896
2025-01-07,160813.21614106896
2025-01-08,160813.21614106896
2025-01-10,160813.21614106896
2025-01-13,160813.21614106896
2025-01-14,160813.21614106896
2025-01-15,160813.21614106896
2025-01-16,160813.21614106896
2025-01-17,161083.64887407955
2025-01-21,160887.4717576855
2025-01-22,161173.73021868404
2025-01-23,161343.88369921382
2025-01-24,160929.337767207
2025-01-27,159320.9275639185
2025-01-28,159320.9275639185
2025-01-29,159320.9275639185
2025-01-30,159320.9275639185
2025-01-31,159320.9275639185
2025-02-03,159320.9275639185
2025-02-04,159320.9275639185
2025-02-05,159320.9275639185
2025-02-06,159320.9275639185
2025-02-07,159320.9275639185
2025-02-10,159320.9275639185
2025-02-11,159320.9275639185
2025-02-12,159320.9275639185
2025-02-13,160118.0083705801
2025-02-14,162036.88319128932
2025-02-18,159724.9557534304
2025-02-19,159103.7010155764
2025-02-20,156961.82154360303
2025-02-21,156961.82154360303
2025-02-24,156961.82154360303
2025-02-25,156961.82154360303
2025-02-26,156961.82154360303
2025-02-27,156961.82154360303
2025-02-28,156961.82154360303
2025-03-03,156961.82154360303
2025-03-04,156961.82154360303
2025-03-05,156961.82154360303
2025-03-06,156961.82154360303
2025-03-07,156961.82154360303
2025-03-10,156961.82154360303
2025-03-11,156961.82154360303
2025-03-12,156961.82154360303
2025-03-13,156961.82154360303
2025-03-14,156961.82154360303
2025-03-17,156961.82154360303
2025-03-18,156961.82154360303
2025-03-19,156961.82154360303
2025-03-20,156961.82154360303
2025-03-21,156961.82154360303
2025-03-24,156961.82154360303
2025-03-25,156961.82154360303
2025-03-26,156961.82154360303
2025-03-27,156961.82154360303
2025-03-28,156961.82154360303
2025-03-31,156961.82154360303
2025-04-01,156961.82154360303
2025-04-02,156961.82154360303
2025-04-03,156961.82154360303
2025-04-04,156961.82154360303
2025-04-07,156961.82154360303
2025-04-08,156961.82154360303
2025-04-09,156961.82154360303
2025-04-10,156961.82154360303
2025-04-11,156961.82154360303
2025-04-14,156961.82154360303
2025-04-15,156961.82154360303
2025-04-16,156961.82154360303
2025-04-17,156961.82154360303
2025-04-21,156961.82154360303
2025-04-22,156961.82154360303
2025-04-23,156961.82154360303
2025-04-24,156961.82154360303
2025-04-25,156961.82154360303
2025-04-28,156961.82154360303
2025-04-29,156961.82154360303
2025-04-30,156961.82154360303
2025-05-01,156961.82154360303
2025-05-02,156961.82154360303
2025-05-05,156961.82154360303
2025-05-06,156961.82154360303
2025-05-07,156961.82154360303
2025-05-08,156961.82154360303
2025-05-09,156961.82154360303
2025-05-12,156778.26658600176
2025-05-13,160629.0966314244
2025-05-14,161327.32751216172
2025-05-15,159619.72266902207
2025-05-16,161409.62087989855
2025-05-19,162461.5020528798
2025-05-20,162349.13084169815
2025-05-21,161674.73771425674
2025-05-22,161617.71694613472
2025-05-23,161401.12168551463
2025-05-27,162052.18385542886
2025-05-28,161762.53106490153
2025-05-29,158521.8696373318
2025-05-30,158623.41849607005
2025-06-02,160588.06844541468
2025-06-03,164248.54677030482
2025-06-04,164475.81711790003
2025-06-05,164007.7774391128
2025-06-06,165259.17205071557
2025-06-09,163787.59534406866
2025-06-10,162636.20105911224
2025-06-11,163237.48744369476
2025-06-12,162197.84720589034
2025-06-13,161920.8905696179
2025-06-16,161696.81826934704
2025-06-17,161667.10637895216
2025-06-18,163000.76003495802
2025-06-20,163570.65783158888
2025-06-23,162821.56612361106
2025-06-24,162787.16619074973
2025-06-25,162347.51143202934
2025-06-26,163017.90593276176
2025-06-27,162203.79558392198
2025-06-30,162295.68021221788
2025-07-01,161109.63273143733
2025-07-02,161109.63273143733
2025-07-03,161109.63273143733
2025-07-07,161109.63273143733
2025-07-08,161109.63273143733
2025-07-09,161109.63273143733
2025-07-10,161109.63273143733
2025-07-11,161109.63273143733
2025-07-14,162916.64966633572
2025-07-15,163689.48932698026
2025-07-16,165407.52941181912
2025-07-17,167431.37119343533
2025-07-18,167457.5866260983
2025-07-21,166000.06967810786
2025-07-22,165610.37305306023
2025-07-23,166241.43318031853
2025-07-24,165957.87305306023
2025-07-25,166401.62019140404
2025-07-28,166608.76492261284
2025-07-29,166421.66851758354
2025-07-30,166975.8566279351
2025-07-31,164036.85549606866
2025-08-01,161485.5912998545
2025-08-04,161485.5912998545
2025-08-05,161485.5912998545
2025-08-06,161485.5912998545
2025-08-07,161485.5912998545
2025-08-08,162075.79865827583
2025-08-11,161726.11926069282
2025-08-12,163031.78063764595
2025-08-13,163192.52055158638
2025-08-14,161602.41966927363
2025-08-15,161460.00936806513
2025-08-18,161460.00936806513
2025-08-19,161460.00936806513
2025-08-20,161460.00936806513
2025-08-21,161460.00936806513
2025-08-22,161460.00936806513
2025-08-25,162382.69563968954
2025-08-26,162633.58986576376
2025-08-27,163038.24361332235
2025-08-28,163711.74588731496
2025-08-29,162363.1508741356
2025-09-02,162676.7616529442
2025-09-03,163265.54021739733
2025-09-04,164149.9641543175
2025-09-05,163657.88708441038
2025-09-08,164319.84097512695
2025-09-09,165191.98926003906
2025-09-10,165138.42225511427
2025-09-11,165667.93653589807
2025-09-12,166186.16429883754
2025-09-15,168039.8457258395
2025-09-16,168349.99816114223
2025-09-17,168415.0454116305
2025-09-18,169078.4472060641
2025-09-19,170619.94214014613
2025-09-22,171880.08398584925
2025-09-23,171657.2060582522
2025-09-24,170262.9098053988
2025-09-25,168305.05062412436
2025-09-26,168925.87401812157
2025-09-29,170158.37401812157
2025-09-30,170337.59380571923
2025-10-01,169802.47107500635
2025-10-02,167879.1594485415
2025-10-03,166507.51634847498
2025-10-06,163932.5936469979
2025-10-07,163233.44418715904
2025-10-08,163233.44418715904
2025-10-09,163233.44418715904
2025-10-10,162245.48105156896
2025-10-13,163856.58912810107
2025-10-14,160755.36029688566
2025-10-15,161257.1702181503
2025-10-16,161718.42311156014
2025-10-17,161719.97238219003
2025-10-20,162590.8190932496
2025-10-21,161760.48185875252
2025-10-22,159451.6145236618
2025-10-23,159692.49729108842
2025-10-24,160807.57420597583
2025-10-27,160844.16080903952
2025-10-28,158943.86969628156
2025-10-29,160355.8313750755
2025-10-30,159652.21698669356
2025-10-31,162628.2696912815
2025-11-03,164496.6858099033
2025-11-04,162310.57783104436
2025-11-05,165133.9850569202
2025-11-06,165061.6430001516
2025-11-07,163609.84654162815
2025-11-10,166992.94948504856
2025-11-11,165191.98606842262
2025-11-12,164542.0736739829
2025-11-13,162411.9661011985
2025-11-14,162208.66483067314
2025-11-17,162208.66483067314
2025-11-18,162208.66483067314
2025-11-19,162208.66483067314
2025-11-20,162208.66483067314
2025-11-21,162208.66483067314
2025-11-24,162208.66483067314
2025-11-25,162208.66483067314
2025-11-26,162208.66483067314
2025-11-28,162208.66483067314
2025-12-01,162208.66483067314
2025-12-02,162208.66483067314
2025-12-03,162208.66483067314
2025-12-04,162299.98350143424
2025-12-05,162158.3738540473
2025-12-08,162719.787214643
2025-12-09,163114.29524076605
2025-12-10,166218.80164440224
2025-12-11,167238.53601192962
2025-12-12,163944.7056001407
2025-12-15,163682.77621781648
2025-12-16,164677.01777114594
2025-12-17,164221.66553899524
2025-12-18,165811.51838323352
2025-12-19,166810.5987632689
2025-12-22,168074.05527913803
2025-12-23,167523.3422969603
2025-12-24,168259.64478719467
2025-12-26,167712.16910311265
2025-12-29,165273.6843123195
2025-12-30,164858.2371593196
2025-12-31,164858.2371593196
2026-01-02,165440.71245254012
2026-01-05,162482.25359162875
2026-01-06,163072.92080912317
2026-01-07,162383.21958213343
2026-01-08,162433.64769349707
2026-01-09,161591.59848390234
2026-01-12,162539.67170600162
2026-01-13,162355.6015613483
2026-01-14,162936.25144080387
2026-01-15,162340.59197119938
2026-01-16,163473.39663673245
2026-01-20,161990.70848174742
2026-01-21,165386.81572051696
2026-01-22,166736.748154599
2026-01-23,166766.91908503414
2026-01-26,166130.21233126524
2026-01-27,167978.02389203335
2026-01-28,173777.72044469614
2026-01-29,173236.19622627783
2026-01-30,167278.2047629825
2026-02-02,169138.25822977937
2026-02-03,168905.00885721933
2026-02-04,165250.81339774028
2026-02-05,164823.616522252
2026-02-06,164823.616522252
2026-02-09,164823.616522252
2026-02-10,164823.616522252
2026-02-11,164823.616522252
2026-02-12,164823.616522252
2026-02-13,164823.616522252
2026-02-17,164823.616522252
2026-02-18,164823.616522252
2026-02-19,164823.616522252
2026-02-20,164655.93978819982
2026-02-23,164622.58514354556
2026-02-24,166796.07621619973
2026-02-25,169126.5680374888
2026-02-26,165415.919108654
2026-02-27,164004.6265915367
2026-03-02,163575.30701301957
2026-03-03,158518.0028572646
2026-03-04,158565.45695264303
2026-03-05,157955.73696701866
2026-03-06,157955.73696701866
2026-03-09,157955.73696701866
2026-03-10,157394.54552453654
2026-03-11,157238.40506495698
2026-03-12,157238.40506495698
2026-03-13,157238.40506495698
2026-03-16,157238.40506495698
2026-03-17,157238.40506495698
2026-03-18,157238.40506495698
2026-03-19,157294.72024138502
2026-03-20,156645.63492022487
2026-03-23,157518.5842457864
2026-03-24,157534.05417834254
2026-03-25,158555.15126547785
2026-03-26,158344.2510961053
2026-03-27,158039.0010961053
2026-03-30,157496.7414049737
2026-03-31,157496.7414049737
2026-04-01,157496.7414049737
2026-04-02,157496.7414049737
2026-04-06,157496.7414049737
2026-04-07,157496.7414049737
2026-04-08,159038.50666971513
2026-04-09,160187.78910990068
2026-04-10,161064.7363950569
2026-04-13,162043.95658900368
2026-04-14,162265.56615377782
2026-04-15,161978.79389068834
2026-04-16,161607.58986480942
2026-04-17,163670.9900367557
2026-04-20,163993.938584119
2026-04-21,165252.79888356052
2026-04-22,166579.35863618503
2026-04-23,169328.66359259616
2026-04-24,171505.66817023288
2026-04-27,169910.11725926225
2026-04-28,162873.54723725584
2026-04-29,165551.19256196287
2026-04-30,168449.61806855467
2026-05-01,170939.812416394
2026-05-04,172244.6574176147
2026-05-05,175262.32540852152
2026-05-06,180026.02642692998
2026-05-07,173979.15743829886
2026-05-08,180826.88476373832
2026-05-11,182621.33495905082
2026-05-12,179215.3285477959
2026-05-13,180095.01656659474
2026-05-14,179954.52825775687
2026-05-15,177757.36995456473
2026-05-18,174132.9097596795
2026-05-19,174132.9097596795
2026-05-20,173269.25334155236
2026-05-21,173243.090333396
2026-05-22,173342.01760307985
2026-05-26,178189.62215585235
2026-05-27,176772.19944161896
2026-05-28,176033.45548989615
2026-05-29,178247.50452718863
2026-06-01,182060.1246748937
2026-06-02,183627.58605184685
2026-06-03,183309.1963294206
2026-06-04,179544.93547234373
2026-06-05,173851.69697107727
2026-06-08,173713.9370223468
2026-06-09,171718.5022713144
2026-06-10,171476.50951903808
2026-06-11,173930.13696044433
2026-06-12,175119.25578063476
2026-06-15,175280.75393523683
2026-06-16,174422.67295684328
2026-06-17,174485.60195769777
2026-06-18,175421.8939193677
2026-06-22,175853.40667571535
2026-06-23,174744.50988616457
2026-06-24,174558.85800261964
2026-06-25,174558.85800261964
2026-06-26,175530.2080558423
2026-06-29,178782.80662761963
2026-06-30,180702.43125005616
2026-07-01,180259.99641655796
2026-07-02,179784.24139122837
2026-07-06,180342.97146324985
2026-07-07,179134.06203942173
2026-07-08,178154.05391431492
2026-07-09,178154.05391431492
2026-07-10,177253.43788465182
2026-07-13,177199.48677381198
2026-07-14,177385.84188146275
2026-07-15,177091.20095128697
2026-07-16,176617.4914938895
2026-07-17,176722.90172643345
2026-07-20,176553.9688663947
2026-07-21,176553.9688663947
2026-07-22,176553.9688663947
2026-07-23,175491.06887423826
2026-07-24,175423.68776416118
2026-07-27,175423.68776416118
2026-07-28,175423.68776416118
2026-07-29,175423.68776416118
2026-07-30,175423.68776416118
2026-07-31,175282.70692312723
2026-08-03,176007.58662283426
2026-08-04,177244.14802420145
2026-08-05,175952.15334732158
2026-08-06,176527.2575263134
2026-08-07,176366.53822699699
2026-08-10,177120.93797675284
2026-08-11,177100.43797675284
2026-08-12,177393.99812689933
2026-08-13,177530.128745277
2026-08-14,175728.8237531609
2026-08-17,175023.19037530723
2026-08-18,175065.01117608848
2026-08-19,174218.17659538472
2026-08-20,174218.17659538472
2026-08-21,174218.17659538472
2026-08-24,173564.9221851369
2026-08-25,173155.4724170705
2026-08-26,171969.0977146523
2026-08-27,172066.1193546333
2026-08-28,171483.71991005322
2026-08-31,172057.3009140802
2026-09-01,171157.09254005676
2026-09-02,170488.79420177895
2026-09-03,170167.95391933876
2026-09-04,169859.45391933876
