symbol,entry_date,entry,exit_date,exit,bars,reason,r,pnl,mom_pct
OKE,2016-05-31,23.48,2016-06-01,23.04,1,stop,-1.0,-371.28,1.0
NEM,2016-06-16,29.17,2016-06-17,27.97,1,stop,-1.0,-497.83,1.0
BLDR,2016-07-27,13.25,2016-07-29,12.87,2,stop,-1.0,-495.63,0.97
DVN,2016-08-18,30.37,2016-08-30,30.88,8,trail-10sma,0.85,350.02,1.0
AMD,2016-08-19,7.24,2016-08-31,7.4,8,trail-10sma,1.01,501.43,1.0
MU,2016-09-28,17.72,2016-09-29,17.02,1,stop,-1.11,-553.25,0.99
LITE,2016-07-25,28.44,2016-10-11,40.71,55,trail-10sma,12.78,4903.78,0.91
TPL,2016-09-27,22.23,2016-10-27,25.46,22,trail-10sma,3.95,1975.72,0.97
TPL,2016-11-21,29.18,2016-11-22,28.46,1,stop,-1.0,-519.87,0.99
BKR,2016-11-17,33.24,2016-11-25,33.24,5,stop,0.26,99.57,0.92
ZBRA,2016-12-05,79.88,2016-12-28,85.57,16,trail-10sma,3.08,1189.37,0.95
CF,2017-01-06,25.94,2017-01-10,25.43,2,stop,-1.0,-419.54,0.91
CF,2017-01-11,26.37,2017-01-17,25.51,3,stop,-1.0,-530.16,0.92
NVDA,2017-06-06,3.66,2017-06-09,3.6,3,stop,-1.0,-376.08,0.99
LITE,2017-06-06,59.28,2017-06-20,62.42,10,trail-10sma,1.19,627.77,0.97
ALNY,2017-06-14,75.11,2017-06-27,79.79,9,trail-10sma,2.94,1528.01,0.99
ALNY,2017-10-12,126.02,2017-10-13,122.98,1,stop,-1.0,-517.89,1.0
QCOM,2017-11-24,54.35,2017-11-29,53.39,3,stop,-1.0,-380.12,0.9
XYZ,2018-01-31,46.27,2018-02-01,45.2,1,stop,-1.0,-491.77,1.0
IBKR,2018-02-21,16.32,2018-02-22,16.03,1,stop,-1.0,-377.81,0.99
ABBV,2018-02-26,84.99,2018-02-27,83.04,1,stop,-1.0,-484.28,0.99
ABBV,2018-02-27,85.11,2018-02-28,82.58,1,stop,-1.0,-523.82,0.99
IBKR,2018-02-26,16.52,2018-03-01,16.23,3,stop,-1.0,-370.36,0.99
AMZN,2018-02-26,75.5,2018-03-01,74.05,3,stop,-1.0,-404.15,0.98
NOW,2018-02-26,32.18,2018-03-01,31.6,3,stop,-1.0,-375.3,0.96
MELI,2018-03-06,399.54,2018-03-08,389.37,2,stop,-1.0,-518.66,0.97
NFLX,2018-02-26,28.89,2018-03-16,31.83,14,trail-10sma,3.34,1514.09,0.99
NOW,2018-03-02,33.15,2018-03-16,33.98,10,trail-10sma,0.92,475.71,0.95
SHOP,2018-03-08,14.62,2018-03-16,14.62,6,stop,-0.0,-1.15,0.96
LITE,2018-03-01,62.08,2018-03-19,69.02,12,trail-10sma,3.29,1686.98,0.91
PODD,2018-03-16,85.48,2018-03-19,83.78,1,stop,-1.0,-418.87,0.96
PODD,2018-03-21,85.76,2018-03-28,85.76,5,stop,0.32,155.42,0.95
ADBE,2018-04-17,229.06,2018-04-20,225.0,3,stop,-1.0,-373.82,0.98
SHOP,2018-05-21,14.88,2018-05-22,14.07,1,stop,-1.51,-797.47,0.97
TTD,2018-06-01,8.78,2018-06-04,8.5,1,stop,-1.04,-545.18,0.99
TPL,2018-05-31,70.16,2018-06-05,68.53,3,stop,-1.0,-484.97,0.99
AXON,2018-06-05,66.16,2018-06-07,64.71,2,stop,-1.0,-455.36,1.0
TTD,2018-06-13,9.19,2018-06-14,8.91,1,stop,-1.0,-518.44,0.99
TTD,2018-06-14,9.26,2018-06-15,8.87,1,stop,-1.0,-515.69,0.99
TTD,2018-06-18,9.29,2018-06-19,8.93,1,stop,-1.0,-513.37,0.99
TTD,2018-06-20,9.3,2018-06-21,9.12,1,stop,-1.0,-407.78,0.99
TTD,2018-07-10,9.51,2018-07-11,9.16,1,stop,-1.0,-511.1,0.99
TKO,2018-06-15,57.47,2018-07-12,67.56,18,trail-10sma,6.11,2310.64,1.0
CVNA,2018-07-05,9.05,2018-07-12,8.86,5,stop,-0.33,-167.61,1.0
SHOP,2018-07-24,17.54,2018-07-25,16.79,1,stop,-1.13,-589.2,0.97
XYZ,2018-07-16,67.53,2018-07-27,69.82,9,trail-10sma,1.92,783.72,0.98
TKO,2018-07-17,72.53,2018-07-27,72.53,8,stop,0.74,320.46,1.0
XYZ,2018-07-27,72.84,2018-07-30,70.04,1,stop,-1.09,-564.87,0.99
CVNA,2018-08-30,12.76,2018-08-31,12.37,1,stop,-1.01,-522.36,1.0
DXCM,2018-08-30,36.17,2018-09-05,35.4,3,stop,-1.0,-439.44,1.0
CVNA,2018-08-31,12.78,2018-09-05,12.3,2,stop,-1.0,-516.64,1.0
TTD,2018-09-04,14.35,2018-09-05,14.03,1,stop,-1.0,-463.91,1.0
CVNA,2018-09-05,13.51,2018-09-06,12.53,1,stop,-1.37,-697.07,1.0
TTD,2018-09-05,14.75,2018-09-06,14.09,1,stop,-1.0,-509.4,1.0
TTD,2018-09-11,14.76,2018-09-12,14.1,1,stop,-1.0,-503.82,1.0
XYZ,2018-08-22,76.35,2018-09-17,86.82,17,trail-10sma,4.22,2008.78,0.99
ON,2019-02-04,21.18,2019-02-20,22.58,11,trail-10sma,1.09,553.98,0.93
SHOP,2019-03-11,19.49,2019-03-22,19.87,9,trail-10sma,1.88,772.06,0.98
CVNA,2019-03-19,11.73,2019-03-22,11.28,3,stop,-1.0,-513.8,1.0
TTD,2019-03-21,21.2,2019-03-22,20.44,1,stop,-1.0,-513.92,1.0
TTD,2019-03-22,21.46,2019-03-25,20.15,1,stop,-1.29,-655.67,1.0
CVNA,2019-04-01,11.96,2019-04-08,11.96,5,stop,0.15,78.47,1.0
CVNA,2019-04-11,12.74,2019-04-17,12.43,4,stop,-1.0,-492.35,1.0
CVNA,2019-04-23,13.29,2019-04-24,12.95,1,stop,-1.0,-504.52,1.0
TTD,2019-05-02,22.65,2019-05-07,22.0,3,stop,-1.0,-503.22,1.0
CVNA,2019-04-24,13.45,2019-05-09,13.45,11,stop,0.67,338.17,1.0
IR,2019-05-21,33.74,2019-05-23,33.12,2,stop,-1.0,-370.63,0.96
PODD,2019-05-22,107.84,2019-05-23,104.54,1,stop,-1.0,-498.89,0.9
SHOP,2019-05-28,28.11,2019-05-29,27.52,1,stop,-1.0,-418.24,1.0
MELI,2019-05-28,597.0,2019-05-29,585.87,1,stop,-1.0,-367.38,1.0
PODD,2019-05-28,109.34,2019-05-29,107.23,1,stop,-1.0,-382.26,0.96
SHOP,2019-06-20,33.17,2019-06-21,32.57,1,stop,-1.0,-352.41,1.0
SHOP,2019-07-17,33.0,2019-07-24,33.0,5,stop,0.0,2.01,1.0
WDC,2019-07-23,40.69,2019-07-30,40.32,5,stop,-0.21,-79.88,0.95
DXCM,2019-08-27,44.17,2019-08-28,43.22,1,stop,-1.1,-421.61,0.98
DXCM,2019-08-28,44.61,2019-08-29,43.0,1,stop,-1.0,-487.77,0.99
SHOP,2019-08-20,37.25,2019-08-30,37.25,8,stop,0.88,427.17,1.0
CVNA,2019-09-05,16.93,2019-09-09,16.49,2,stop,-1.0,-486.35,0.99
CVNA,2019-09-09,17.01,2019-09-10,16.26,1,stop,-1.0,-483.64,0.99
PDD,2019-09-11,35.88,2019-09-16,34.78,3,stop,-1.0,-480.89,1.0
PDD,2019-10-24,35.82,2019-11-11,41.9,12,trail-10sma,8.41,2975.87,1.0
DXCM,2019-11-27,56.99,2019-12-02,54.54,2,stop,-2.34,-847.17,1.0
CVNA,2019-11-27,18.98,2019-12-02,18.55,2,stop,-1.0,-447.09,0.98
DXCM,2019-12-03,57.45,2019-12-09,55.41,4,stop,-1.0,-487.01,1.0
CVNA,2019-12-19,19.42,2019-12-27,19.42,5,stop,0.21,103.61,0.95
TTD,2019-12-23,26.61,2019-12-30,26.03,4,stop,-1.0,-419.63,0.91
SHOP,2019-12-26,40.5,2019-12-30,39.61,2,stop,-1.0,-427.87,0.93
NOW,2020-05-26,79.27,2020-05-27,75.61,1,stop,-1.09,-526.41,0.94
VEEV,2020-05-26,206.1,2020-05-27,193.0,1,stop,-1.73,-825.49,0.92
PH,2020-05-27,169.3,2020-05-28,165.54,1,stop,-1.0,-420.95,0.93
PH,2020-05-28,171.1,2020-05-29,163.47,1,stop,-1.17,-549.88,0.91
GNRC,2020-05-28,123.01,2020-05-29,115.9,1,stop,-1.47,-689.81,0.9
ALB,2020-06-03,73.88,2020-06-04,72.11,1,stop,-1.0,-446.24,0.93
MELI,2020-06-02,864.48,2020-06-09,849.75,5,stop,-0.4,-181.0,0.97
AMP,2020-06-05,148.42,2020-06-09,141.83,2,stop,-1.0,-461.4,0.91
MPWR,2020-06-02,205.51,2020-06-11,205.51,7,stop,1.7,623.99,0.93
XYZ,2020-06-02,84.13,2020-06-11,86.05,7,trail-10sma,1.65,767.15,0.9
COHR,2020-06-03,48.68,2020-06-11,48.0,6,stop,0.05,21.01,0.98
ALB,2020-06-08,78.83,2020-06-11,73.55,3,stop,-2.94,-1257.61,0.9
TSLA,2020-06-10,66.16,2020-06-11,64.91,1,stop,-1.0,-350.9,1.0
MELI,2020-06-10,878.12,2020-06-11,862.11,1,stop,-1.0,-336.25,0.93
CVNA,2020-06-19,25.0,2020-06-24,24.07,3,stop,-1.0,-464.44,1.0
NVDA,2020-06-22,9.46,2020-06-24,9.23,2,stop,-1.0,-458.1,0.91
FICO,2020-06-23,433.36,2020-06-24,422.4,1,stop,-1.06,-471.13,0.91
MRNA,2020-06-25,67.03,2020-06-26,60.71,1,stop,-1.5,-689.26,1.0
CRWD,2020-06-25,26.84,2020-06-26,25.91,1,stop,-1.0,-463.28,0.99
PDD,2020-06-11,74.04,2020-07-10,87.26,20,trail-10sma,3.5,1601.69,0.99
TTD,2020-06-15,37.31,2020-07-13,43.04,19,trail-10sma,1.93,881.13,0.97
MELI,2020-06-15,901.25,2020-07-13,981.48,19,trail-10sma,2.71,1183.16,0.96
XYZ,2020-06-16,93.12,2020-07-13,118.59,18,trail-10sma,7.67,3506.45,0.98
VEEV,2020-07-02,244.22,2020-07-13,244.22,6,stop,1.22,456.57,0.94
CVNA,2020-07-09,28.11,2020-07-13,26.99,2,stop,-1.0,-481.95,0.99
TSLA,2020-06-30,67.98,2020-07-23,100.82,16,trail-10sma,19.77,7733.9,0.99
FCX,2020-06-30,10.44,2020-07-23,12.37,16,trail-10sma,6.85,2904.64,0.97
ALGN,2020-07-15,303.67,2020-07-23,303.67,6,stop,0.96,379.52,0.96
PFG,2020-07-23,36.06,2020-07-24,35.43,1,stop,-1.0,-379.53,0.93
URI,2020-07-23,157.19,2020-07-27,154.1,2,stop,-1.11,-423.56,0.94
LEN,2020-07-28,65.23,2020-07-29,62.56,1,stop,-1.0,-534.67,0.96
DECK,2020-07-23,34.83,2020-07-31,33.04,6,stop,-0.11,-52.17,0.93
DXCM,2020-08-07,113.81,2020-08-10,108.75,1,stop,-1.0,-530.45,0.98
XYZ,2020-08-04,136.2,2020-08-11,136.2,5,stop,0.41,217.78,0.99
DHI,2020-07-16,57.45,2020-08-26,69.62,29,trail-10sma,5.32,2675.29,0.94
AMD,2020-08-26,87.01,2020-08-27,85.14,1,stop,-1.0,-466.5,0.98
XYZ,2020-08-27,159.55,2020-08-28,155.5,1,stop,-1.0,-538.61,0.98
FSLR,2020-08-26,78.25,2020-08-31,76.56,3,stop,-1.0,-468.47,0.96
MOS,2020-08-28,16.46,2020-08-31,16.07,1,stop,-1.0,-505.1,0.93
XYZ,2020-09-01,164.89,2020-09-02,160.98,1,stop,-1.0,-505.09,0.99
CVNA,2020-07-20,28.64,2020-09-03,39.68,33,trail-10sma,7.64,3846.34,0.98
CRWD,2020-08-31,30.27,2020-09-04,29.63,4,stop,-1.0,-450.64,0.99
CRWD,2020-10-01,35.94,2020-10-08,35.94,5,stop,0.06,34.3,0.99
XYZ,2020-10-07,182.33,2020-10-15,182.33,6,stop,0.83,450.44,1.0
BLDR,2020-10-09,34.44,2020-10-15,33.4,4,stop,-1.08,-591.21,0.98
CRWD,2020-10-12,37.23,2020-10-15,35.85,3,stop,-1.35,-736.13,0.99
NVDA,2020-10-12,14.09,2020-10-15,13.75,3,stop,-1.26,-522.13,0.97
TSLA,2020-10-13,149.7,2020-10-19,145.53,4,stop,-1.0,-546.03,1.0
LEN,2020-10-16,75.77,2020-10-19,74.43,1,stop,-1.0,-380.13,0.97
ALGN,2020-10-16,339.94,2020-10-19,333.62,1,stop,-1.0,-398.3,0.94
ALGN,2020-10-19,343.17,2020-10-20,330.14,1,stop,-1.07,-560.35,0.91
MELI,2020-10-20,1299.46,2020-10-22,1274.97,2,stop,-1.0,-391.91,0.98
FCX,2020-10-15,16.05,2020-10-26,16.05,7,stop,0.32,174.77,0.98
GNRC,2020-10-29,219.01,2020-10-30,211.43,1,stop,-1.0,-522.98,0.99
BG,2020-11-16,51.02,2020-11-19,49.89,3,stop,-1.02,-465.25,0.95
IVZ,2020-11-17,12.89,2020-11-19,12.46,2,stop,-1.0,-525.65,0.99
FLEX,2020-11-17,12.4,2020-11-30,12.07,8,stop,-0.36,-187.11,0.9
TPR,2020-11-23,25.49,2020-11-30,24.87,4,stop,-1.0,-504.34,0.98
PWR,2020-11-24,69.65,2020-11-30,67.56,3,stop,-1.0,-519.29,0.97
CVNA,2020-11-27,49.24,2020-11-30,47.69,1,stop,-1.0,-521.01,0.99
BLDR,2020-11-24,37.17,2020-12-01,36.11,4,stop,-1.0,-520.82,0.95
CVNA,2020-11-30,50.24,2020-12-02,45.85,2,stop,-1.43,-729.59,1.0
TTD,2020-12-01,90.47,2020-12-02,87.1,1,stop,-1.14,-583.39,1.0
BLDR,2020-12-01,38.42,2020-12-02,35.66,1,stop,-1.54,-783.61,0.94
HAL,2020-12-07,17.61,2020-12-08,16.72,1,stop,-1.46,-732.49,0.92
TTD,2020-12-04,90.55,2020-12-09,88.17,3,stop,-1.0,-498.39,0.99
PSKY,2020-12-01,31.06,2020-12-10,31.35,7,trail-10sma,1.13,464.37,0.94
COHR,2020-12-01,68.96,2020-12-10,68.96,7,stop,0.59,298.74,0.9
TTD,2020-12-09,92.27,2020-12-10,87.62,1,stop,-1.22,-604.25,1.0
XYZ,2020-12-09,215.11,2020-12-10,205.39,1,stop,-1.01,-495.59,0.99
IVZ,2020-12-03,13.63,2020-12-11,13.63,6,stop,0.82,304.09,0.97
PDD,2020-12-04,149.01,2020-12-11,148.8,5,stop,0.45,226.31,0.99
URI,2020-11-23,215.64,2020-12-14,229.86,14,trail-10sma,1.93,814.8,0.93
MGM,2020-12-10,30.78,2020-12-14,29.56,2,stop,-1.0,-494.72,0.92
MGM,2020-12-16,31.08,2020-12-21,30.33,3,stop,-1.09,-475.36,0.93
XYZ,2020-12-11,220.61,2020-12-28,220.61,10,stop,0.67,330.47,0.99
MELI,2020-12-14,1629.72,2020-12-28,1629.72,9,stop,1.56,558.56,0.96
CVNA,2020-12-17,53.82,2020-12-28,53.82,6,stop,0.05,22.36,0.99
GNRC,2020-12-21,226.75,2020-12-29,226.75,5,stop,0.38,185.1,0.97
WYNN,2020-12-28,113.14,2020-12-29,110.12,1,stop,-1.0,-498.13,0.92
FANG,2021-01-25,51.02,2021-01-26,48.11,1,stop,-1.0,-494.98,0.99
GNRC,2021-01-19,263.77,2021-01-27,257.86,6,stop,-0.06,-30.66,0.96
TSLA,2021-01-25,294.98,2021-01-28,273.33,3,stop,-1.97,-973.98,1.0
MSTR,2021-01-29,68.03,2021-02-01,61.97,1,stop,-1.0,-485.42,1.0
UBER,2021-02-11,63.53,2021-02-12,60.12,1,stop,-1.18,-573.17,0.97
MELI,2021-02-11,1948.97,2021-02-12,1904.37,1,stop,-1.0,-401.41,0.95
AXON,2021-02-08,180.78,2021-02-16,180.78,5,stop,1.57,762.42,0.97
MU,2021-02-12,84.53,2021-02-17,83.01,2,stop,-1.0,-346.95,0.95
PDD,2021-02-16,211.71,2021-02-17,202.41,1,stop,-1.0,-483.38,0.98
IVZ,2021-02-16,18.47,2021-02-17,18.14,1,stop,-1.0,-341.54,0.98
CRWD,2021-02-11,58.42,2021-02-22,58.42,6,stop,0.5,226.74,0.99
LYV,2021-02-22,88.73,2021-02-23,87.01,1,stop,-1.0,-379.01,0.92
GNRC,2021-02-11,293.65,2021-02-24,322.52,8,trail-10sma,8.26,2854.81,0.93
FCX,2021-02-17,31.58,2021-02-26,31.58,7,stop,1.46,696.59,0.99
EXPE,2021-02-18,153.48,2021-02-26,153.48,6,stop,0.66,321.72,0.94
PSKY,2021-02-22,56.13,2021-02-26,54.18,4,stop,-1.0,-488.52,0.99
RL,2021-02-24,106.36,2021-02-26,104.34,2,stop,-1.0,-378.12,0.92
DVN,2021-02-25,17.16,2021-02-26,16.02,1,stop,-1.16,-578.61,0.98
SPG,2021-02-22,83.56,2021-03-02,83.56,6,stop,0.27,121.72,0.94
WDC,2021-03-01,53.51,2021-03-02,52.34,1,stop,-1.0,-429.59,0.98
RL,2021-03-03,110.84,2021-03-04,108.88,1,stop,-1.0,-344.98,0.93
EXPE,2021-03-08,165.53,2021-03-09,161.71,1,stop,-1.0,-454.4,0.91
RL,2021-03-08,113.02,2021-03-10,110.64,2,stop,-1.0,-414.99,0.94
F,2021-03-08,9.39,2021-03-16,9.39,6,stop,0.55,271.59,0.96
MOS,2021-03-18,30.62,2021-03-19,29.48,1,stop,-1.0,-492.39,0.96
TPR,2021-03-08,37.87,2021-03-22,37.87,10,stop,0.52,259.13,1.0
EXPE,2021-03-17,176.2,2021-03-22,172.13,3,stop,-1.0,-451.69,0.96
PSKY,2021-03-01,59.76,2021-03-23,80.51,16,trail-10sma,4.55,2236.84,1.0
WBD,2021-03-01,56.05,2021-03-23,71.64,16,trail-10sma,5.0,2447.9,0.99
AMAT,2021-03-24,117.32,2021-03-25,113.54,1,stop,-1.33,-649.76,0.98
MU,2021-04-12,94.04,2021-04-13,92.25,1,stop,-1.0,-381.08,0.98
RL,2021-04-12,114.91,2021-04-13,112.68,1,stop,-1.0,-387.37,0.93
TPR,2021-04-14,40.04,2021-04-20,39.19,4,stop,-1.0,-419.86,0.99
FCX,2021-04-26,36.38,2021-05-03,35.77,5,stop,-0.62,-304.46,0.98
MOS,2021-04-26,30.21,2021-05-04,29.03,6,stop,-0.22,-82.73,0.94
FANG,2021-04-28,65.21,2021-05-04,63.82,4,stop,-1.0,-421.07,1.0
TPR,2021-04-26,41.21,2021-05-06,41.21,8,stop,0.25,125.64,0.99
NUE,2021-06-01,99.79,2021-06-02,96.74,1,stop,-1.0,-491.73,1.0
WDC,2021-06-04,58.62,2021-06-07,57.47,1,stop,-1.0,-384.38,0.95
DVN,2021-06-01,22.27,2021-06-10,22.67,7,trail-10sma,2.02,875.34,0.99
STX,2021-06-09,87.61,2021-06-10,85.54,1,stop,-1.0,-463.29,0.97
MRNA,2021-07-14,245.82,2021-08-11,385.14,20,trail-10sma,11.66,5618.7,1.0
ALB,2021-08-09,214.38,2021-08-16,214.38,5,stop,0.5,250.61,0.95
DDOG,2021-09-01,139.24,2021-09-02,135.71,1,stop,-1.0,-515.76,0.97
ALB,2021-09-02,230.44,2021-09-07,225.63,2,stop,-1.0,-428.25,0.99
DDOG,2021-09-09,141.21,2021-09-10,138.7,1,stop,-1.0,-364.38,0.99
DVN,2021-10-15,32.48,2021-10-18,31.8,1,stop,-1.0,-426.29,1.0
FANG,2021-10-18,92.37,2021-10-19,88.49,1,stop,-1.0,-509.34,0.98
DVN,2021-10-18,32.57,2021-10-20,31.64,2,stop,-1.04,-532.79,1.0
DDOG,2021-10-22,162.44,2021-10-27,158.61,3,stop,-1.0,-475.07,1.0
APA,2021-10-25,24.37,2021-10-27,23.69,2,stop,-1.22,-566.46,0.98
OXY,2021-10-25,32.32,2021-10-27,31.7,2,stop,-1.0,-390.1,0.95
GNRC,2021-10-27,479.39,2021-11-02,464.98,4,stop,-1.64,-590.79,0.98
DECK,2021-11-18,73.56,2021-11-19,72.16,1,stop,-1.0,-376.2,0.92
ALB,2021-11-22,271.27,2021-11-23,265.32,1,stop,-1.0,-428.39,0.99
AMD,2021-11-30,163.36,2021-12-01,155.68,1,stop,-1.0,-483.94,1.0
ON,2022-01-03,70.31,2022-01-04,67.77,1,stop,-1.0,-486.75,1.0
LYV,2022-01-03,122.56,2022-01-05,119.92,2,stop,-1.0,-420.09,0.95
ON,2022-01-04,70.59,2022-01-05,67.75,1,stop,-1.0,-484.15,1.0
MRVL,2022-01-04,89.63,2022-01-05,85.52,1,stop,-1.16,-563.4,0.99
F,2022-01-03,15.68,2022-01-18,17.96,10,trail-10sma,7.98,2860.28,0.98
DVN,2022-01-03,36.73,2022-01-19,39.59,11,trail-10sma,2.5,1222.83,0.99
FANG,2022-01-13,102.2,2022-01-20,100.0,4,stop,-1.08,-419.55,0.99
APA,2022-02-03,30.28,2022-02-07,29.32,2,stop,-1.0,-497.09,1.0
FANG,2022-02-04,109.01,2022-02-07,106.29,1,stop,-1.0,-494.33,0.99
EOG,2022-02-04,94.03,2022-02-07,92.12,1,stop,-1.0,-402.41,0.99
SLB,2022-02-16,36.78,2022-02-18,35.95,2,stop,-1.0,-441.82,0.98
COP,2022-03-24,89.22,2022-03-28,87.53,2,stop,-1.0,-367.59,0.98
APA,2022-03-25,36.12,2022-03-28,34.8,1,stop,-1.0,-486.66,0.99
HAL,2022-03-25,35.32,2022-03-28,34.2,1,stop,-1.0,-487.72,0.99
PSKY,2022-03-25,34.92,2022-03-28,34.03,1,stop,-1.0,-487.09,0.92
PSKY,2022-03-28,35.11,2022-04-01,33.55,4,stop,-1.0,-478.35,0.92
DLTR,2022-03-25,157.88,2022-04-04,157.88,6,stop,0.37,133.65,0.99
EXE,2022-04-01,74.04,2022-04-04,71.63,1,stop,-1.0,-476.49,0.96
HAL,2022-03-31,35.59,2022-04-05,34.43,3,stop,-1.0,-479.34,0.99
APA,2022-03-30,36.42,2022-04-06,36.24,5,stop,-0.23,-108.98,1.0
EQT,2022-04-05,34.64,2022-04-06,33.74,1,stop,-1.0,-472.95,0.99
VLO,2022-03-30,85.89,2022-04-11,88.49,8,trail-10sma,1.72,631.24,0.94
MOS,2022-04-08,65.45,2022-04-11,63.67,1,stop,-1.0,-471.23,1.0
KR,2022-03-31,52.45,2022-04-13,52.45,9,stop,0.25,118.32,0.93
EXE,2022-04-07,74.92,2022-04-19,74.92,7,stop,0.24,112.8,0.96
CF,2022-08-16,96.02,2022-08-17,94.05,1,stop,-1.0,-384.31,0.94
DECK,2022-11-30,65.44,2022-12-05,64.07,3,stop,-1.0,-392.26,0.98
STLD,2022-12-02,101.31,2022-12-12,101.31,6,stop,0.51,239.09,0.95
FICO,2022-12-13,638.01,2022-12-14,615.66,1,stop,-1.0,-446.97,0.99
AXON,2023-02-28,201.07,2023-03-10,212.89,8,trail-10sma,2.38,1100.57,0.99
NVDA,2023-03-03,23.85,2023-03-10,23.36,5,stop,-0.62,-290.31,0.98
SMCI,2023-03-09,10.4,2023-03-10,9.8,1,stop,-1.08,-504.04,0.98
SMCI,2023-04-18,11.71,2023-04-19,11.2,1,stop,-1.0,-467.72,1.0
DDOG,2023-05-23,94.84,2023-05-24,92.73,1,stop,-1.02,-413.05,0.96
DDOG,2023-05-25,94.9,2023-06-07,94.9,8,stop,0.01,2.93,0.97
DASH,2023-06-12,72.48,2023-06-14,70.66,2,stop,-1.0,-467.28,0.92
TTD,2023-05-30,69.4,2023-06-20,75.64,14,trail-10sma,4.59,1624.2,0.95
ABNB,2023-06-21,129.26,2023-06-23,125.09,2,stop,-1.0,-467.56,0.92
DASH,2023-06-22,73.85,2023-06-23,72.05,1,stop,-1.12,-457.68,0.91
NCLH,2023-07-10,22.36,2023-07-12,21.87,2,stop,-1.0,-409.15,0.97
TSLA,2023-07-14,284.39,2023-07-20,276.31,4,stop,-1.0,-460.68,0.98
VRT,2023-06-22,23.33,2023-07-21,25.57,20,trail-10sma,1.33,623.3,0.98
COIN,2023-07-11,81.41,2023-07-24,98.8,9,trail-10sma,7.14,3318.11,0.99
DDOG,2023-07-10,101.55,2023-07-26,110.58,12,trail-10sma,2.09,966.57,0.93
RKLB,2023-07-11,6.14,2023-07-26,7.14,11,trail-10sma,2.96,1380.79,0.94
DASH,2023-06-26,73.91,2023-08-02,85.94,26,trail-10sma,3.88,1798.61,0.92
SMCI,2023-07-11,27.53,2023-08-02,31.95,16,trail-10sma,2.77,1291.77,1.0
APP,2023-08-29,40.93,2023-09-12,41.68,9,trail-10sma,1.27,577.98,1.0
PDD,2023-11-15,115.12,2023-11-16,110.81,1,stop,-1.98,-762.43,0.98
VRT,2023-11-14,43.08,2023-11-21,43.08,5,stop,0.51,259.58,1.0
DXCM,2023-11-27,113.87,2023-11-28,111.43,1,stop,-1.0,-436.8,0.92
SHOP,2023-11-27,71.85,2023-12-04,71.85,5,stop,0.72,280.76,0.97
DDOG,2023-11-27,113.63,2023-12-06,114.25,7,trail-10sma,1.29,495.46,0.94
PDD,2023-11-20,117.11,2023-12-08,138.89,13,trail-10sma,4.87,1942.56,1.0
FICO,2023-11-20,1046.97,2023-12-14,1129.03,17,trail-10sma,3.21,1130.53,0.95
COIN,2023-11-15,99.87,2024-01-02,156.8,31,trail-10sma,4.81,2431.89,0.98
MSTR,2023-12-22,59.99,2024-01-05,63.08,8,trail-10sma,1.47,772.88,0.99
DDOG,2024-02-13,138.0,2024-02-15,132.87,2,stop,-1.0,-538.53,0.94
ALGN,2024-02-22,314.86,2024-02-28,303.58,4,stop,-1.0,-530.04,0.95
APP,2024-03-08,64.07,2024-03-11,62.54,1,stop,-1.0,-511.69,0.97
HOOD,2024-03-08,17.23,2024-03-12,16.57,2,stop,-1.0,-534.79,0.95
APP,2024-03-18,65.7,2024-03-28,69.19,8,trail-10sma,2.12,1121.76,0.97
CVNA,2024-03-26,18.33,2024-03-28,17.65,2,stop,-1.0,-534.14,0.98
VRT,2024-03-13,74.22,2024-04-01,80.14,12,trail-10sma,1.47,774.75,0.98
HOOD,2024-03-27,20.54,2024-04-01,19.62,2,stop,-1.0,-534.67,0.98
VST,2024-04-01,72.01,2024-04-02,68.72,1,stop,-1.1,-585.17,0.99
VST,2024-04-03,72.03,2024-04-04,70.01,1,stop,-1.0,-530.89,0.99
VST,2024-04-04,73.5,2024-04-05,69.41,1,stop,-1.32,-694.67,0.99
APP,2024-04-04,74.59,2024-04-05,71.95,1,stop,-1.26,-664.59,0.97
DELL,2024-04-03,115.3,2024-04-12,115.3,7,stop,0.86,345.26,0.96
APP,2024-04-05,75.87,2024-04-12,75.87,5,stop,0.34,179.64,0.98
DELL,2024-05-13,130.15,2024-05-14,125.14,1,stop,-1.3,-680.48,0.97
VRT,2024-05-15,100.79,2024-05-16,97.89,1,stop,-1.0,-519.4,0.99
WDC,2024-05-15,55.74,2024-05-17,54.61,2,stop,-1.0,-418.38,0.95
ECHO,2024-05-28,18.77,2024-05-29,18.32,1,stop,-1.0,-498.46,0.97
DELL,2024-05-15,135.27,2024-05-31,135.27,11,stop,1.29,535.53,0.98
VRT,2024-05-24,105.4,2024-05-31,100.13,4,stop,-1.18,-612.29,0.99
VST,2024-05-24,96.72,2024-06-03,96.72,5,stop,0.11,55.81,0.99
ECHO,2024-05-31,18.77,2024-06-07,18.77,5,stop,0.59,284.97,0.97
HOOD,2024-06-12,24.01,2024-06-13,23.23,1,stop,-1.0,-515.05,0.98
NVDA,2024-06-17,132.84,2024-06-20,129.37,2,stop,-1.0,-510.2,1.0
APP,2024-07-03,85.43,2024-07-08,83.44,2,stop,-1.0,-475.4,0.99
COHR,2024-07-05,75.29,2024-07-17,75.29,8,stop,0.27,137.66,0.98
PLTR,2024-07-11,28.5,2024-07-18,28.42,5,stop,-0.15,-77.67,0.97
CVNA,2024-08-20,31.31,2024-08-27,31.31,5,stop,0.12,62.83,1.0
FIX,2024-08-21,338.22,2024-08-28,333.39,5,stop,-0.42,-211.26,0.92
NRG,2024-08-26,81.59,2024-08-28,80.11,2,stop,-1.0,-369.96,0.98
ALNY,2024-08-29,286.14,2024-08-30,266.0,1,stop,-2.99,-1410.01,1.0
APP,2024-08-30,93.74,2024-09-03,90.69,1,stop,-1.0,-495.82,0.99
MPWR,2024-10-04,936.82,2024-10-07,910.02,1,stop,-1.17,-562.81,0.96
RKLB,2024-09-20,7.53,2024-10-09,9.45,13,trail-10sma,3.84,1904.27,0.99
APP,2024-10-04,137.57,2024-10-17,142.93,9,trail-10sma,1.9,909.58,0.99
CVNA,2024-10-16,38.97,2024-10-18,37.9,2,stop,-1.0,-507.05,1.0
LITE,2024-10-17,70.13,2024-10-18,68.86,1,stop,-1.0,-367.29,0.97
NVDA,2024-10-07,127.53,2024-10-30,139.05,17,trail-10sma,3.33,1436.51,0.95
RKLB,2024-10-15,10.3,2024-10-30,10.95,11,trail-10sma,1.09,553.56,1.0
PLTR,2024-10-25,44.41,2024-10-31,42.79,4,stop,-1.96,-739.72,0.99
HOOD,2024-10-28,27.95,2024-10-31,26.02,3,stop,-3.37,-1398.5,0.96
UAL,2024-11-21,95.24,2024-11-22,93.57,1,stop,-1.0,-366.81,0.99
VRT,2024-11-19,130.08,2024-11-26,130.08,5,stop,0.15,76.58,0.96
CVNA,2024-11-22,50.99,2024-11-27,49.8,3,stop,-1.0,-486.5,0.99
APP,2024-11-06,175.32,2024-12-09,342.37,22,trail-10sma,22.17,11111.19,0.99
FIX,2024-11-20,475.87,2024-12-09,475.87,12,stop,0.93,484.54,0.93
AXON,2024-12-03,653.15,2024-12-09,638.0,4,stop,-1.0,-484.69,0.98
TTD,2024-12-03,136.21,2024-12-09,133.72,4,stop,-1.0,-380.29,0.91
COIN,2024-12-05,343.53,2024-12-09,315.17,2,stop,-1.0,-510.51,0.97
HOOD,2024-12-04,39.97,2024-12-10,37.78,4,stop,-1.0,-521.21,0.98
LITE,2024-12-13,95.97,2024-12-17,91.4,2,stop,-1.06,-584.7,0.98
PLTR,2024-12-02,67.91,2024-12-18,71.47,12,trail-10sma,3.05,1592.67,1.0
MRVL,2025-01-17,122.91,2025-01-27,107.59,5,stop,-1.85,-1019.11,0.97
PLTR,2025-02-04,102.85,2025-02-05,100.22,1,stop,-1.0,-546.33,0.99
APP,2025-02-10,393.83,2025-02-11,374.46,1,stop,-1.0,-542.36,1.0
HOOD,2025-02-13,62.12,2025-02-18,60.61,2,stop,-1.0,-527.55,0.99
CRWD,2025-02-18,113.59,2025-02-19,111.32,1,stop,-1.0,-429.36,0.96
CVNA,2025-02-13,54.62,2025-02-20,52.85,4,stop,-1.0,-540.85,0.98
CEG,2025-02-18,320.77,2025-02-20,312.66,2,stop,-1.0,-535.3,0.95
CRWD,2025-02-19,113.92,2025-02-20,110.48,1,stop,-1.24,-646.14,0.97
FIX,2025-05-14,472.83,2025-05-15,462.27,1,stop,-1.06,-464.54,0.91
EQT,2025-05-15,55.87,2025-05-16,54.73,1,stop,-1.0,-425.44,0.95
FIX,2025-05-20,473.47,2025-05-21,463.85,1,stop,-1.11,-432.87,0.93
FIX,2025-05-21,474.6,2025-05-22,460.2,1,stop,-1.07,-561.52,0.95
NRG,2025-05-12,135.04,2025-05-27,154.51,10,trail-10sma,8.48,3213.28,0.96
HOOD,2025-05-20,64.39,2025-05-29,64.39,6,stop,0.41,216.89,0.99
TSLA,2025-05-28,365.02,2025-05-30,355.52,2,stop,-1.04,-551.14,0.91
CEG,2025-05-23,296.78,2025-06-04,297.37,7,trail-10sma,0.68,271.7,0.96
GEV,2025-05-12,414.09,2025-06-09,478.46,19,trail-10sma,4.04,1924.57,0.93
VST,2025-05-27,159.04,2025-06-10,163.5,10,trail-10sma,1.82,789.53,0.92
CVNA,2025-05-29,64.75,2025-06-12,64.75,10,stop,1.34,717.27,0.96
HOOD,2025-06-02,67.16,2025-06-13,72.56,9,trail-10sma,3.66,1967.27,1.0
LITE,2025-06-12,85.03,2025-06-13,82.0,1,stop,-1.0,-554.95,0.91
PLTR,2025-06-25,144.93,2025-06-27,141.5,2,stop,-1.0,-529.35,1.0
VST,2025-06-16,177.28,2025-07-01,184.04,10,trail-10sma,2.39,934.22,0.96
CEG,2025-06-27,325.85,2025-07-01,315.65,2,stop,-1.0,-550.78,0.96
LITE,2025-06-30,95.48,2025-07-01,92.97,1,stop,-1.29,-584.3,0.95
VST,2025-07-09,197.26,2025-07-10,189.85,1,stop,-1.0,-548.71,0.98
GEV,2025-07-17,567.4,2025-07-22,557.24,3,stop,-1.0,-395.99,0.97
ANET,2025-07-18,112.67,2025-07-22,110.59,2,stop,-1.0,-412.47,0.92
RKLB,2025-07-11,39.96,2025-07-25,47.41,10,trail-10sma,6.49,3577.68,0.99
ARM,2025-07-25,164.66,2025-07-31,148.35,4,stop,-2.95,-1663.85,0.92
PLTR,2025-07-25,155.76,2025-08-01,155.05,5,stop,0.3,129.26,0.99
COHR,2025-07-28,102.6,2025-08-01,100.78,4,stop,-1.0,-399.73,0.95
STX,2025-08-19,157.6,2025-08-20,154.04,1,stop,-1.0,-501.96,0.98
APP,2025-09-03,488.94,2025-09-05,474.7,2,stop,-1.0,-555.61,0.91
CVNA,2025-09-10,75.75,2025-09-11,72.68,1,stop,-1.0,-561.7,0.98
RDDT,2025-09-18,272.13,2025-09-19,264.41,1,stop,-1.0,-563.05,0.99
LITE,2025-09-04,137.17,2025-09-22,164.63,12,trail-10sma,8.45,4462.14,0.99
CIEN,2025-09-23,139.92,2025-09-24,137.29,1,stop,-1.0,-430.77,0.98
FSLR,2025-09-17,213.36,2025-09-25,213.36,6,stop,0.13,72.5,0.93
PLTR,2025-09-23,184.51,2025-09-25,175.8,2,stop,-1.16,-662.13,0.97
STX,2025-08-25,159.33,2025-09-26,215.62,23,trail-10sma,10.81,4339.93,0.98
PLTR,2025-10-01,185.84,2025-10-03,179.5,2,stop,-1.0,-583.54,0.97
ANET,2025-10-02,150.33,2025-10-03,144.99,1,stop,-1.0,-586.77,0.96
COHR,2025-10-02,117.06,2025-10-03,112.03,1,stop,-1.0,-588.33,0.95
APP,2025-09-08,537.34,2025-10-06,586.71,20,trail-10sma,3.36,1830.2,0.97
CIEN,2025-10-10,165.32,2025-10-14,159.51,2,stop,-1.0,-581.34,0.98
FIX,2025-10-10,850.99,2025-10-14,821.07,2,stop,-1.0,-568.52,0.97
VRT,2025-10-01,152.4,2025-10-22,171.36,15,trail-10sma,2.45,1431.37,0.97
MU,2025-10-16,200.9,2025-10-22,195.01,4,stop,-1.0,-577.68,0.98
VRT,2025-10-22,184.38,2025-10-23,174.39,1,stop,-1.03,-589.65,0.97
CIEN,2025-10-24,177.88,2025-10-28,173.81,2,stop,-1.0,-528.43,0.98
FLEX,2025-10-23,64.32,2025-10-29,59.49,4,stop,-2.12,-1227.36,0.95
SHOP,2025-10-28,176.97,2025-10-30,172.8,2,stop,-1.0,-541.9,0.94
INTC,2025-10-24,40.04,2025-10-31,40.04,5,stop,0.03,14.49,0.95
COHR,2025-10-24,125.06,2025-11-04,125.06,7,stop,1.16,667.14,0.96
DELL,2025-11-03,166.5,2025-11-04,154.06,1,stop,-1.85,-1057.42,0.94
LRCX,2025-10-24,149.45,2025-11-07,158.71,10,trail-10sma,3.41,1561.44,0.97
MU,2025-11-06,239.77,2025-11-07,233.8,1,stop,-1.12,-572.56,0.99
MU,2025-11-10,247.84,2025-11-11,242.32,1,stop,-1.0,-513.73,0.99
WBD,2025-10-30,21.75,2025-11-12,22.18,9,trail-10sma,1.64,754.67,0.97
WDC,2025-10-29,133.4,2025-11-13,156.84,11,trail-10sma,5.31,3017.31,0.99
CIEN,2025-11-05,194.51,2025-11-13,194.51,6,stop,0.69,397.39,0.98
LITE,2025-12-04,325.62,2025-12-12,325.62,6,stop,1.02,602.91,1.0
COHR,2025-12-09,190.95,2025-12-12,180.35,3,stop,-1.0,-582.75,0.99
MU,2025-12-09,249.11,2025-12-12,241.43,3,stop,-1.0,-583.78,0.98
STX,2025-12-09,286.95,2025-12-16,283.97,5,stop,-0.36,-208.27,0.98
WDC,2025-12-10,172.96,2025-12-17,172.96,5,stop,0.13,74.47,0.99
UAL,2025-12-17,113.06,2025-12-24,113.06,5,stop,0.06,38.34,0.93
NEM,2025-12-10,93.66,2025-12-29,99.12,12,trail-10sma,1.79,1061.14,0.96
LITE,2025-12-22,382.84,2025-12-29,367.53,4,stop,-1.0,-581.73,1.0
EXPE,2025-12-05,264.61,2025-12-30,283.23,16,trail-10sma,2.21,1288.16,0.91
ALB,2025-12-17,135.49,2025-12-30,141.23,8,trail-10sma,2.63,1404.89,0.98
LRCX,2025-12-19,169.45,2025-12-31,170.77,7,trail-10sma,1.28,657.34,0.97
CIEN,2026-01-02,243.12,2026-01-05,237.0,1,stop,-1.0,-600.03,0.99
ECHO,2026-01-02,111.45,2026-01-06,108.25,2,stop,-1.0,-604.1,1.0
CIEN,2026-01-05,250.47,2026-01-06,230.2,1,stop,-1.67,-992.99,0.99
COHR,2026-01-05,197.76,2026-01-06,182.32,1,stop,-1.42,-849.14,0.98
LITE,2026-01-07,401.8,2026-01-08,373.47,1,stop,-1.0,-566.63,1.0
CIEN,2026-01-07,254.95,2026-01-08,247.45,1,stop,-1.0,-584.49,0.99
RDDT,2026-01-05,248.96,2026-01-09,241.0,4,stop,-1.0,-597.33,0.95
RKLB,2026-01-15,92.24,2026-01-21,86.65,3,stop,-1.0,-580.95,0.97
ECHO,2026-01-06,113.53,2026-01-26,119.66,13,trail-10sma,1.56,918.2,1.0
MU,2026-01-16,353.07,2026-02-04,378.99,12,trail-10sma,4.17,2378.18,0.99
FIX,2026-02-03,1199.22,2026-02-04,1171.93,1,stop,-1.0,-518.45,0.96
WDC,2026-01-15,223.85,2026-02-05,259.87,14,trail-10sma,3.84,2242.56,0.99
STX,2026-01-16,332.85,2026-02-05,404.25,13,trail-10sma,3.36,1923.61,0.98
ASML,2026-02-20,1472.11,2026-02-26,1443.3,4,stop,-1.0,-461.09,0.97
LRCX,2026-02-23,245.42,2026-02-26,236.92,3,stop,-1.0,-611.76,0.98
AMAT,2026-02-25,384.3,2026-02-26,375.02,1,stop,-1.0,-584.55,0.98
TER,2026-02-24,327.77,2026-02-27,316.35,3,stop,-1.0,-605.16,0.99
TPR,2026-02-26,158.12,2026-02-27,155.17,1,stop,-1.0,-450.78,0.94
LITE,2026-02-24,688.41,2026-03-03,688.41,5,stop,1.29,755.55,1.0
FCX,2026-02-24,65.71,2026-03-03,63.86,5,stop,0.13,70.34,0.94
NEM,2026-02-26,126.59,2026-03-03,119.84,3,stop,-1.43,-863.55,0.96
MRNA,2026-03-02,54.05,2026-03-03,50.44,1,stop,-1.0,-605.14,0.98
HII,2026-03-02,447.39,2026-03-03,437.33,1,stop,-1.0,-543.16,0.95
DVA,2026-03-02,157.99,2026-03-03,151.76,1,stop,-1.48,-896.97,0.91
ODFL,2026-03-02,203.1,2026-03-06,198.58,4,stop,-1.0,-538.22,0.93
PWR,2026-03-18,578.49,2026-03-19,561.6,1,stop,-1.55,-675.33,0.94
AKAM,2026-03-18,109.61,2026-03-30,109.61,8,stop,0.55,318.65,0.91
DELL,2026-04-13,188.95,2026-04-14,179.68,1,stop,-1.0,-583.64,0.94
ECHO,2026-04-10,130.06,2026-04-21,130.06,7,stop,0.16,94.75,0.95
CIEN,2026-04-17,513.75,2026-04-21,493.77,2,stop,-1.0,-579.19,0.99
VRT,2026-04-13,297.65,2026-04-22,297.65,7,stop,0.6,350.6,0.97
CIEN,2026-04-21,518.14,2026-04-22,493.54,1,stop,-1.0,-565.78,0.99
COHR,2026-04-17,333.66,2026-04-24,333.66,5,stop,0.13,77.09,0.99
TER,2026-04-22,388.8,2026-04-28,376.06,4,stop,-1.0,-585.8,0.99
STX,2026-04-22,579.89,2026-04-28,562.75,4,stop,-1.0,-582.61,0.99
GEV,2026-04-09,962.71,2026-04-29,1062.04,14,trail-10sma,2.71,1458.49,0.95
ARM,2026-04-16,163.58,2026-05-04,203.16,12,trail-10sma,5.39,3155.64,0.92
JBL,2026-04-10,296.92,2026-05-05,336.94,17,trail-10sma,3.82,2063.73,0.92
ALAB,2026-05-05,214.34,2026-05-06,206.7,1,stop,-1.0,-603.79,0.95
MRVL,2026-05-05,170.88,2026-05-07,164.54,2,stop,-1.0,-609.01,0.98
CIEN,2026-05-11,584.07,2026-05-12,550.49,1,stop,-1.0,-604.47,0.99
SNDK,2026-04-22,965.48,2026-05-14,1382.03,16,trail-10sma,3.25,1811.65,1.0
CIEN,2026-05-13,594.3,2026-05-15,562.5,2,stop,-1.0,-604.14,0.99
MRVL,2026-05-14,182.36,2026-05-15,173.86,1,stop,-1.61,-1011.39,0.97
VRT,2026-05-14,377.88,2026-05-15,364.23,1,stop,-1.07,-668.66,0.96
FIX,2026-04-10,1601.24,2026-05-18,1852.54,26,trail-10sma,3.13,1776.34,0.98
WDC,2026-04-16,366.39,2026-05-18,458.33,22,trail-10sma,4.34,2493.5,1.0
MU,2026-05-04,560.79,2026-05-18,681.09,10,trail-10sma,10.41,6236.86,0.99
DELL,2026-05-06,221.25,2026-05-18,237.52,8,trail-10sma,3.52,1822.83,0.96
NBIS,2026-05-13,203.95,2026-05-18,195.0,3,stop,-1.0,-617.34,0.96
ALAB,2026-05-15,231.85,2026-05-18,213.94,1,stop,-1.0,-608.93,0.94
HUM,2026-05-19,310.36,2026-05-21,301.38,2,stop,-1.0,-646.87,0.93
CNC,2026-05-20,60.1,2026-05-21,57.74,1,stop,-1.09,-705.65,0.93
ON,2026-05-26,122.86,2026-05-28,119.76,2,stop,-1.0,-641.18,0.98
STX,2026-06-02,940.59,2026-06-04,890.91,2,stop,-1.89,-1241.87,0.99
TER,2026-06-03,406.7,2026-06-04,393.45,1,stop,-1.0,-649.16,0.96
JBL,2026-06-03,382.05,2026-06-04,368.5,1,stop,-1.67,-921.27,0.93
AMD,2026-05-22,470.07,2026-06-05,470.07,9,stop,1.64,1052.64,0.97
DDOG,2026-05-27,226.01,2026-06-05,233.99,7,trail-10sma,3.91,2497.16,0.96
LRCX,2026-06-02,333.26,2026-06-05,320.14,3,stop,-1.04,-668.99,0.96
KLAC,2026-06-04,214.42,2026-06-05,204.07,1,stop,-1.17,-755.08,0.95
FTNT,2026-05-29,134.98,2026-06-09,134.98,7,stop,1.41,906.3,0.91
MU,2026-06-18,1110.78,2026-06-23,1071.33,2,stop,-1.0,-631.23,1.0
ALAB,2026-06-18,398.33,2026-06-26,382.45,5,stop,-0.44,-278.92,0.98
PANW,2026-06-26,295.9,2026-07-08,320.43,7,trail-10sma,5.55,3290.36,0.95
DDOG,2026-07-09,271.4,2026-07-10,257.4,1,stop,-1.0,-643.61,0.98
FTNT,2026-07-09,163.65,2026-07-10,156.82,1,stop,-1.0,-648.81,0.96
DDOG,2026-07-10,271.41,2026-07-13,256.71,1,stop,-1.07,-690.69,0.98
FTNT,2026-07-10,164.52,2026-07-13,157.67,1,stop,-1.01,-650.96,0.97
CRWD,2026-07-15,212.49,2026-07-16,205.1,1,stop,-1.0,-635.21,0.97
FTNT,2026-07-14,165.36,2026-07-20,160.28,4,trail-10sma,-0.73,-467.62,0.96
PANW,2026-07-17,368.35,2026-07-20,349.64,1,stop,-1.0,-636.26,0.98
VLO,2026-07-13,286.09,2026-07-24,301.18,9,trail-10sma,3.61,1656.86,0.92
PANW,2026-08-12,387.39,2026-08-17,376.22,3,stop,-1.0,-636.9,1.0
DELL,2026-08-13,499.93,2026-08-17,481.59,2,stop,-1.0,-641.9,1.0
CRWD,2026-08-14,227.01,2026-08-17,216.53,1,stop,-1.04,-670.94,0.98
NTAP,2026-07-31,179.36,2026-08-19,194.38,13,trail-10sma,2.54,1622.86,0.96
PLTR,2026-08-21,180.27,2026-08-24,172.55,1,stop,-1.0,-633.05,0.91
VLO,2026-08-24,352.88,2026-08-25,341.69,1,stop,-1.23,-771.86,0.96
CRL,2026-08-25,300.08,2026-08-26,293.17,1,stop,-1.2,-580.44,0.96
EXPE,2026-08-26,340.77,2026-08-27,332.74,1,stop,-1.0,-586.11,0.96
FDS,2026-08-28,308.38,2026-09-02,301.49,3,stop,-1.05,-558.3,0.91
APA,2026-09-02,45.07,2026-09-04,43.68,2,stop,-1.01,-626.64,0.93
